Date,Tpeak sec,Dir deg,DirSpread deg,Tm02 sec,Hm0 m,Qp
6/1/2018 0:17,12.5,129.5,20.8,9.09,2.24,2.85
6/1/2018 0:47,11.76,130.9,20.3,8.51,2.13,2.45
6/1/2018 1:18,12.5,133.7,25.4,8.89,2.23,2.77
6/1/2018 1:47,11.11,139.3,26.6,8.51,2.09,2.28
6/1/2018 2:17,11.76,132.3,21.7,8.7,2.1,2.58
6/1/2018 2:48,11.76,146.3,21.4,8.51,2.15,2.47
6/1/2018 3:17,11.76,135.1,21,8.7,2.26,3.02
6/1/2018 3:47,11.76,129.5,21.8,8.33,2.08,2.34
6/1/2018 4:18,11.76,129.5,22.5,8,2.05,2.04
6/1/2018 4:47,11.76,126.7,19.7,8.51,2.24,2.92
6/1/2018 5:17,11.11,129.5,25.9,8,2.07,2.11
6/1/2018 5:48,11.11,116.8,25.4,8,1.99,2.04
6/1/2018 6:17,12.5,112.6,29.5,8.16,1.97,2.13
6/1/2018 6:47,11.76,133.7,30.8,7.84,1.83,1.92
6/1/2018 7:18,11.11,135.1,24.6,8.16,1.97,2.16
6/1/2018 7:47,10.53,126.7,24.5,8.16,1.97,2.35
6/1/2018 8:17,10.53,125.3,22.7,8.16,1.89,2.29
6/1/2018 8:48,10.53,133.7,30.8,8,1.83,2
6/1/2018 9:17,11.76,128.1,18.8,8.51,1.97,2.68
6/1/2018 9:47,11.76,136.5,25.5,8.51,1.98,2.34
6/1/2018 10:18,11.11,126.7,29.5,8.16,1.97,2.14
6/1/2018 10:47,12.5,116.8,33.3,7.84,1.81,1.83
6/1/2018 11:17,10,150.6,28.3,7.84,1.91,2.06
6/1/2018 11:48,11.11,130.9,23.4,7.84,1.95,2.02
6/1/2018 12:17,10,143.5,23.2,7.69,1.9,2.09
6/1/2018 12:47,11.76,137.9,30,7.69,1.88,2.05
6/1/2018 13:18,11.11,136.5,29,7.69,1.94,1.89
6/1/2018 13:47,11.76,121,23.3,8,1.92,2.21
6/1/2018 14:17,13.33,163.2,33.1,7.55,1.81,1.9
6/1/2018 14:48,11.76,115.4,30.3,7.41,1.67,1.85
6/1/2018 15:17,11.76,121,30.3,7.84,1.81,2.08
6/1/2018 15:47,11.76,123.8,32.3,7.55,1.84,1.92
6/1/2018 16:18,11.76,123.8,30.3,7.41,1.68,1.97
6/1/2018 16:47,11.76,115.4,33.6,7.69,1.94,1.92
6/1/2018 17:17,12.5,114,35.7,7.69,1.81,2.08
6/1/2018 17:48,10.53,133.7,20.8,7.41,1.7,2.27
6/1/2018 18:17,11.11,128.1,24.3,7.55,1.71,2.04
6/1/2018 18:47,11.11,121,22.3,7.69,1.82,2.13
6/1/2018 19:18,11.76,130.9,40.4,7.27,1.52,1.84
6/1/2018 19:47,11.11,147.8,39.4,7.55,1.71,2
6/1/2018 20:17,11.11,121,27.5,7.69,1.63,2.05
6/1/2018 20:48,12.5,135.1,30.9,7.55,1.62,2.11
6/1/2018 21:17,12.5,135.1,30.2,7.41,1.58,2.19
6/1/2018 21:47,11.76,147.8,36.3,7.14,1.6,2.44
6/1/2018 22:18,11.76,135.1,33.2,6.78,1.55,1.92
6/1/2018 22:47,10.53,122.4,28.4,7.02,1.67,2.52
6/1/2018 23:17,11.76,129.5,22.3,6.45,1.65,2.13
6/1/2018 23:48,11.11,129.5,29.2,6.67,1.67,2.06
6/2/2018 0:17,12.5,144.9,30.7,6.56,1.58,2.05
6/2/2018 0:47,11.11,142.1,24.4,7.55,1.95,2.51
6/2/2018 1:18,11.11,132.3,24.2,7.02,1.78,2.37
6/2/2018 1:47,11.11,130.9,22.3,7.14,1.76,2.39
6/2/2018 2:17,10.53,132.3,28.9,7.02,1.76,2.44
6/2/2018 2:48,10.53,132.3,28,6.56,1.58,2.02
6/2/2018 3:17,12.5,143.5,35.7,6.9,1.75,2.39
6/2/2018 3:47,12.5,137.9,37.2,7.14,1.72,2.29
6/2/2018 4:18,10,115.4,19.9,6.56,1.67,2.03
6/2/2018 4:47,12.5,144.9,31.7,6.9,1.79,2.46
6/2/2018 5:17,10,142.1,28.5,6.78,1.67,2.43
6/2/2018 5:48,10,130.9,28.3,6.67,1.71,1.97
6/2/2018 6:17,12.5,130.9,37,6.9,1.64,2.05
6/2/2018 6:47,11.76,130.9,29.8,6.9,1.79,2.08
6/2/2018 7:18,11.76,144.9,28.8,6.9,1.78,2.88
6/2/2018 7:47,12.5,129.5,36,6.35,1.56,1.86
6/2/2018 8:17,10,132.3,28.2,6.15,1.55,1.74
6/2/2018 8:48,12.5,161.8,28.8,6.67,1.75,2.37
6/2/2018 9:17,11.11,128.1,31.4,6.78,1.7,2.56
6/2/2018 9:47,11.11,121,31.9,6.56,1.65,2.12
6/2/2018 10:18,11.76,128.1,42.4,6.25,1.59,2.1
6/2/2018 10:47,11.11,121,41.2,6.06,1.57,1.96
6/2/2018 11:17,11.76,144.9,38.6,5.63,1.56,1.71
6/2/2018 11:48,11.11,150.6,28.2,6.06,1.68,2.13
6/2/2018 12:17,11.76,140.7,30.4,5.71,1.66,1.9
6/2/2018 12:47,11.11,153.4,31.3,5.71,1.67,1.54
6/2/2018 13:18,11.76,137.9,38.6,5.97,1.8,1.92
6/2/2018 13:47,11.11,132.3,39.7,5.8,1.71,1.78
6/2/2018 14:17,11.76,152,43,5.97,1.84,1.75
6/2/2018 14:48,11.11,143.5,29.9,5.88,1.8,1.75
6/2/2018 15:17,11.76,137.9,36,5.56,1.65,1.47
6/2/2018 15:47,12.5,152,26.6,5.88,1.72,1.92
6/2/2018 16:18,11.11,146.3,39.1,5.88,1.67,1.64
6/2/2018 16:47,10.53,123.8,26.9,5.88,1.64,1.8
6/2/2018 17:17,11.76,146.3,27.1,5.88,1.71,1.86
6/2/2018 17:48,11.11,146.3,29.3,5.88,1.68,1.57
6/2/2018 18:17,11.76,135.1,35.1,5.8,1.6,1.68
6/2/2018 18:47,11.76,133.7,42.3,5.71,1.61,1.93
6/2/2018 19:18,10.53,136.5,29.4,5.88,1.63,1.63
6/2/2018 19:47,11.76,144.9,40.8,5.71,1.58,1.43
6/2/2018 20:17,11.11,119.6,31,5.71,1.59,1.59
6/2/2018 20:48,11.11,128.1,34.8,5.56,1.53,1.42
6/2/2018 21:17,11.11,126.7,38.3,5.71,1.55,1.45
6/2/2018 21:47,11.11,133.7,44.3,5.71,1.53,1.59
6/2/2018 22:18,11.76,140.7,41.4,5.71,1.63,1.6
6/2/2018 22:47,11.11,137.9,37.9,5.26,1.48,1.39
6/2/2018 23:17,11.11,153.4,42.1,5.56,1.61,1.51
6/2/2018 23:48,11.11,159,47.6,5.33,1.58,1.47
6/3/2018 0:17,11.76,140.7,43.6,5.56,1.59,1.59
6/3/2018 0:47,10,133.7,27.5,5.56,1.51,1.53
6/3/2018 1:18,11.76,159,33,5.97,1.69,1.83
6/3/2018 1:47,11.76,164.6,33.9,5.88,1.63,1.81
6/3/2018 2:17,12.5,177.3,36,5.63,1.57,1.68
6/3/2018 2:48,11.11,140.7,28.5,5.56,1.56,1.62
6/3/2018 3:17,11.76,171.7,40.5,5.71,1.5,1.49
6/3/2018 3:47,11.76,163.2,38.9,5.8,1.5,1.56
6/3/2018 4:18,10.53,153.4,33.3,5.88,1.57,1.94
6/3/2018 4:47,11.11,156.2,39.6,5.88,1.55,1.87
6/3/2018 5:17,11.11,135.1,33.6,6.06,1.68,1.88
6/3/2018 5:48,10.53,129.5,37.7,5.8,1.52,1.69
6/3/2018 6:17,10.53,130.9,31.4,5.8,1.48,1.65
6/3/2018 6:47,10.53,122.4,39.4,5.8,1.49,1.69
6/3/2018 7:18,11.11,125.3,40.5,5.63,1.42,1.61
6/3/2018 7:47,10.53,133.7,34.8,5.63,1.48,1.64
6/3/2018 8:17,10,133.7,28.8,5.71,1.52,1.68
6/3/2018 8:48,11.76,140.7,42.9,5.48,1.5,1.52
6/3/2018 9:17,11.11,154.8,44.3,5.33,1.46,1.39
6/3/2018 9:47,10,140.7,39.6,5.2,1.48,1.34
6/3/2018 10:18,10.53,121,27.6,5.13,1.44,1.44
6/3/2018 10:47,10,132.3,40.3,5.41,1.59,1.46
6/3/2018 11:17,11.76,142.1,37,5.48,1.59,1.55
6/3/2018 11:48,10.53,154.8,40,5.13,1.49,1.45
6/3/2018 12:17,11.11,140.7,38.3,5,1.45,1.3
6/3/2018 12:47,11.11,139.3,32.3,5.26,1.51,1.37
6/3/2018 13:18,10,144.9,37.3,4.94,1.43,1.34
6/3/2018 13:47,11.76,137.9,43.8,5,1.43,1.33
6/3/2018 14:17,11.76,133.7,34.6,5.26,1.45,1.49
6/3/2018 14:48,11.76,139.3,31.9,5.26,1.4,1.53
6/3/2018 15:17,10.53,164.6,34.6,5.33,1.38,1.44
6/3/2018 15:47,10.53,143.5,33.3,5.48,1.4,1.41
6/3/2018 16:18,10,135.1,27.8,5.63,1.43,1.79
6/3/2018 16:47,11.11,142.1,36.8,5.33,1.4,1.4
6/3/2018 17:17,10,125.3,36.4,5.33,1.32,1.47
6/3/2018 17:48,10.53,132.3,44,5,1.28,1.31
6/3/2018 18:17,11.76,128.1,45.4,5.2,1.35,1.32
6/3/2018 18:47,11.76,139.3,43.6,5.56,1.43,1.54
6/3/2018 19:18,10.53,109.8,29.9,5.48,1.3,1.49
6/3/2018 19:47,11.76,132.3,45.8,5.63,1.37,1.35
6/3/2018 20:17,10,143.5,42.5,5.63,1.36,1.5
6/3/2018 20:48,10,115.4,32.9,5.33,1.24,1.35
6/3/2018 21:17,10.53,149.2,57,5.13,1.24,1.2
6/3/2018 21:47,10.53,125.3,38,5.33,1.33,1.44
6/3/2018 22:18,10,137.9,37.6,5.48,1.34,1.35
6/3/2018 22:47,11.76,125.3,39.7,5.13,1.28,1.14
6/3/2018 23:17,11.76,118.2,36.5,5.2,1.32,1.29
6/3/2018 23:48,10,143.5,42.2,5.13,1.4,1.17
6/4/2018 0:17,10.53,137.9,30.4,5.13,1.38,1.27
6/4/2018 0:47,11.11,139.3,47.1,4.65,1.19,1.07
6/4/2018 1:18,10,149.2,33.7,5.13,1.31,1.4
6/4/2018 1:47,10,137.9,30.3,5.13,1.28,1.3
6/4/2018 2:17,9.09,160.4,44.3,4.88,1.27,1.14
6/4/2018 2:48,10,140.7,29,4.82,1.28,1.27
6/4/2018 3:17,10,137.9,42.2,4.82,1.23,1.27
6/4/2018 3:47,10.53,144.9,41.5,5,1.29,1.2
6/4/2018 4:18,11.76,118.2,45,5,1.29,1.19
6/4/2018 4:47,10.53,118.2,47,5.13,1.31,1.21
6/4/2018 5:17,10,119.6,28.5,5.06,1.39,1.35
6/4/2018 5:48,11.76,121,32.9,4.94,1.38,1.29
6/4/2018 6:17,5.26,57.8,29.2,4.82,1.4,1.34
6/4/2018 6:47,10.53,132.3,40.6,4.94,1.42,1.22
6/4/2018 7:18,5.26,62,26.9,4.76,1.44,1.54
6/4/2018 7:47,5.56,66.2,26.7,4.76,1.47,1.35
6/4/2018 8:17,16.67,198.4,42.9,4.88,1.55,1.5
6/4/2018 8:48,5.88,69,27.5,4.88,1.56,1.46
6/4/2018 9:17,5.88,59.2,28.2,4.88,1.56,1.52
6/4/2018 9:47,5.26,60.6,28.3,4.82,1.56,1.46
6/4/2018 10:18,5.56,63.4,29.9,4.82,1.62,1.52
6/4/2018 10:47,5.56,70.4,28,5.06,1.82,1.82
6/4/2018 11:17,5.56,70.4,21.6,4.88,1.62,1.61
6/4/2018 11:48,5.88,74.6,26,5.06,1.72,1.53
6/4/2018 12:17,5.88,78.8,26.5,5,1.59,1.39
6/4/2018 12:47,5.88,76,24.5,5.13,1.62,1.41
6/4/2018 13:18,5.88,77.4,25.9,5.13,1.62,1.67
6/4/2018 13:47,6.25,81.7,27.8,5.06,1.59,1.63
6/4/2018 14:17,5.88,91.5,24.6,5.2,1.69,1.5
6/4/2018 14:48,6.25,88.7,24.3,5.2,1.73,1.5
6/4/2018 15:17,6.25,83.1,21.6,5.33,1.65,1.91
6/4/2018 15:47,6.25,92.9,26.4,5.41,1.65,1.29
6/4/2018 16:18,6.25,104.2,29.7,5.33,1.56,1.27
6/4/2018 16:47,11.11,147.8,20.9,5.63,1.64,1.49
6/4/2018 17:17,11.76,152,27.4,5.63,1.68,1.39
6/4/2018 17:48,11.11,149.2,36.1,5.41,1.55,1.4
6/4/2018 18:17,11.11,156.2,28.3,5.56,1.6,1.48
6/4/2018 18:47,6.25,85.9,33.7,5.41,1.57,1.43
6/4/2018 19:18,11.76,143.5,26.1,5.8,1.63,1.41
6/4/2018 19:47,13.33,161.8,31.4,5.63,1.59,1.35
6/4/2018 20:17,11.11,156.2,31.3,5.56,1.69,1.34
6/4/2018 20:48,6.25,90.1,33.9,5.48,1.57,1.52
6/4/2018 21:17,15.38,194.2,40,5.56,1.62,1.42
6/4/2018 21:47,11.76,142.1,35.9,5.56,1.64,1.44
6/4/2018 22:18,12.5,160.4,33.8,5.63,1.62,1.37
6/4/2018 22:47,13.33,161.8,29,5.88,1.7,1.56
6/4/2018 23:17,14.29,180.1,20.9,6.06,1.68,1.48
6/4/2018 23:48,12.5,154.8,30.7,5.8,1.6,1.44
6/5/2018 0:17,13.33,166,34.1,6.15,1.67,1.41
6/5/2018 0:47,13.33,175.9,36,6.06,1.63,1.42
6/5/2018 1:18,14.29,184.3,30.8,5.97,1.53,1.31
6/5/2018 1:47,14.29,168.8,36.5,5.88,1.6,1.54
6/5/2018 2:17,14.29,171.7,31.4,6.25,1.65,1.45
6/5/2018 2:48,13.33,173.1,27.1,5.88,1.44,1.37
6/5/2018 3:17,13.33,163.2,26.1,6.06,1.54,1.36
6/5/2018 3:47,13.33,161.8,27.9,6.06,1.54,1.37
6/5/2018 4:18,13.33,174.5,29.8,6.35,1.68,1.62
6/5/2018 4:47,11.76,160.4,27.8,6.06,1.65,1.47
6/5/2018 5:17,13.33,173.1,22.8,5.88,1.55,1.39
6/5/2018 5:48,12.5,173.1,27.8,5.97,1.66,1.5
6/5/2018 6:17,10.53,160.4,35.4,5.63,1.5,1.53
6/5/2018 6:47,11.11,156.2,39.7,5.48,1.49,1.29
6/5/2018 7:18,12.5,159,36,5.63,1.54,1.63
6/5/2018 7:47,11.11,160.4,36,5.56,1.55,1.41
6/5/2018 8:17,13.33,175.9,35.1,5.2,1.53,1.22
6/5/2018 8:48,11.11,140.7,35.3,5.41,1.55,1.4
6/5/2018 9:17,12.5,163.2,34.8,5.48,1.58,1.63
6/5/2018 9:47,12.5,156.2,38.6,5.33,1.52,1.41
6/5/2018 10:18,10.53,152,42.3,5.48,1.55,1.56
6/5/2018 10:47,11.76,160.4,36.9,6.06,1.67,1.92
6/5/2018 11:17,10.53,97.1,48,5.88,1.62,1.6
6/5/2018 11:48,10.53,143.5,39.6,5.71,1.58,1.56
6/5/2018 12:17,11.11,147.8,48.3,5.63,1.55,1.45
6/5/2018 12:47,10.53,122.4,42.7,5.88,1.63,1.63
6/5/2018 13:18,10.53,137.9,52,6.15,1.72,1.75
6/5/2018 13:47,11.11,136.5,39.8,5.8,1.65,1.75
6/5/2018 14:17,11.11,157.6,44.7,5.63,1.69,1.66
6/5/2018 14:48,9.09,95.7,45,5.71,1.66,1.56
6/5/2018 15:17,11.11,136.5,44.3,5.56,1.63,1.61
6/5/2018 15:47,10,136.5,47.6,5.71,1.67,1.88
6/5/2018 16:18,10,129.5,47.7,5.71,1.75,1.76
6/5/2018 16:47,11.11,143.5,44.1,5.41,1.62,1.57
6/5/2018 17:17,10.53,160.4,36.1,5.56,1.63,1.71
6/5/2018 17:48,11.11,171.7,41.2,5.26,1.59,1.57
6/5/2018 18:17,9.09,94.3,54.3,5,1.54,1.35
6/5/2018 18:47,10.53,140.7,58.1,4.88,1.6,1.39
6/5/2018 19:18,10.53,129.5,55.4,4.65,1.65,1.33
6/5/2018 19:47,10.53,108.4,54.2,4.49,1.62,1.37
6/5/2018 20:17,9.09,91.5,47,4.6,1.84,1.69
6/5/2018 20:48,10,114,54.7,4.44,1.87,1.67
6/5/2018 21:17,4.76,191.3,21.9,4.44,1.89,1.9
6/5/2018 21:47,5,192.8,21.2,4.44,1.94,1.97
6/5/2018 22:18,5.26,192.8,29.3,4.65,2.12,1.81
6/5/2018 22:47,5.26,205.4,26.5,4.71,2.19,2.04
6/5/2018 23:17,10.53,118.2,50.5,4.94,2.2,1.92
6/5/2018 23:48,5.56,205.4,32,5.13,2.28,1.93
6/6/2018 0:17,6.67,215.3,33.8,5.41,2.49,2.07
6/6/2018 0:47,7.14,216.7,31.7,5.41,2.46,2.52
6/6/2018 1:18,6.67,211,32.5,5.26,2.32,2.13
6/6/2018 1:47,7.69,219.5,41,5.2,2.27,1.85
6/6/2018 2:17,7.14,222.3,32,5.48,2.44,2.19
6/6/2018 2:48,7.14,213.8,32.6,5.33,2.53,2
6/6/2018 3:17,7.14,206.8,29.4,5.48,2.69,2.22
6/6/2018 3:47,7.69,218.1,26.6,5.71,3.15,2.82
6/6/2018 4:18,7.69,212.4,21.8,5.97,3.64,3.14
6/6/2018 4:47,7.14,204,24.1,5.97,3.58,2.92
6/6/2018 5:17,7.69,218.1,23.3,5.97,3.61,2.86
6/6/2018 5:48,8.33,213.8,26.9,5.97,3.67,2.5
6/6/2018 6:17,8.33,223.7,25.7,6.06,3.75,2.71
6/6/2018 6:47,8.33,212.4,22.9,6.45,4.39,3.44
6/6/2018 7:18,8.33,219.5,23.9,6.67,4.47,3.57
6/6/2018 7:47,8.33,208.2,31.9,6.45,4.38,2.78
6/6/2018 8:17,9.09,208.2,26.6,6.45,4.16,2.94
6/6/2018 8:48,9.09,206.8,28.5,6.56,4.46,2.42
6/6/2018 9:17,9.09,202.6,27.5,6.78,4.58,2.62
6/6/2018 9:47,9.09,205.4,26.6,6.56,4.5,2.35
6/6/2018 10:18,10.53,204,27.5,6.67,4.19,2.08
6/6/2018 10:47,10.53,194.2,23.1,6.9,4.52,2.12
6/6/2018 11:17,10.53,192.8,28.1,6.45,3.82,1.68
6/6/2018 11:48,11.11,201.2,24.2,6.9,4.53,2.01
6/6/2018 12:17,11.11,197,22.7,6.78,4.14,1.92
6/6/2018 12:47,11.76,202.6,13.4,7.27,4.97,1.95
6/6/2018 13:18,10,201.2,22.9,7.14,4.69,2.01
6/6/2018 13:47,11.76,191.3,28.9,7.14,4.58,1.96
6/6/2018 14:17,11.11,195.6,26.1,7.27,4.69,2.09
6/6/2018 14:48,11.76,187.1,24.2,7.02,4.45,2.02
6/6/2018 15:17,11.76,194.2,22.7,7.02,4.42,1.95
6/6/2018 15:47,11.76,198.4,24.7,7.27,4.68,2.13
6/6/2018 16:18,11.76,197,19.6,7.27,4.55,2.22
6/6/2018 16:47,11.76,191.3,21.7,7.41,4.85,2.01
6/6/2018 17:17,11.76,192.8,20.6,7.27,4.81,2.05
6/6/2018 17:48,11.76,192.8,19.2,7.27,4.74,2.19
6/6/2018 18:17,11.76,192.8,17.3,7.27,5.12,1.94
6/6/2018 18:47,11.76,189.9,20.6,7.41,5.01,2.02
6/6/2018 19:18,11.76,188.5,21.5,7.14,4.64,1.92
6/6/2018 19:47,11.11,185.7,20.7,7.27,4.8,1.94
6/6/2018 20:17,12.5,189.9,20.7,7.14,4.75,1.99
6/6/2018 20:48,11.76,202.6,15,7.27,4.63,2.02
6/6/2018 21:17,11.76,189.9,25.9,7.27,4.64,1.77
6/6/2018 21:47,12.5,177.3,18.2,7.41,4.54,2.15
6/6/2018 22:18,12.5,185.7,22.7,7.41,4.19,2
6/6/2018 22:47,11.76,187.1,21.9,7.41,4.21,2.03
6/6/2018 23:17,12.5,187.1,27.8,7.27,4.17,1.91
6/6/2018 23:48,12.5,180.1,22.3,7.14,4.08,2.08
6/7/2018 0:17,12.5,180.1,22.8,7.14,4.04,1.85
6/7/2018 0:47,11.76,184.3,31,6.78,3.76,1.7
6/7/2018 1:18,11.76,191.3,17.2,7.14,3.78,2.19
6/7/2018 1:47,11.76,178.7,21.4,7.02,3.8,1.9
6/7/2018 2:17,11.76,191.3,20.4,7.41,3.84,2.06
6/7/2018 2:48,11.11,192.8,20.6,7.27,3.53,2.09
6/7/2018 3:17,11.76,184.3,21,7.14,3.59,2.08
6/7/2018 3:47,12.5,182.9,18.8,7.02,3.32,1.84
6/7/2018 4:18,11.11,187.1,23.1,7.27,3.61,2.16
6/7/2018 4:47,11.11,180.1,20.5,7.02,3.35,2.26
6/7/2018 5:17,11.76,173.1,18.1,6.78,3.13,1.86
6/7/2018 5:48,10.53,174.5,27.6,6.67,3.46,1.84
6/7/2018 6:17,10.53,178.7,21.3,6.67,3.35,1.96
6/7/2018 6:47,10.53,187.1,28.4,6.45,3.43,1.78
6/7/2018 7:18,11.11,178.7,23.4,6.56,3.62,2.1
6/7/2018 7:47,10.53,182.9,26.5,6.35,3.73,1.68
6/7/2018 8:17,10,195.6,32.2,6.06,3.63,1.68
6/7/2018 8:48,11.11,178.7,19.1,6.15,3.89,1.75
6/7/2018 9:17,7.14,199.8,25.5,6.15,3.83,2.21
6/7/2018 9:47,10,180.1,23.2,6.25,4.14,1.94
6/7/2018 10:18,7.14,206.8,27.2,5.97,3.61,1.81
6/7/2018 10:47,7.69,202.6,24.2,6.25,3.89,2.07
6/7/2018 11:17,7.69,191.3,29.4,6.06,3.73,1.85
6/7/2018 11:48,9.09,175.9,25,6.15,3.78,1.93
6/7/2018 12:17,6.67,195.6,25.6,5.97,3.5,1.81
6/7/2018 12:47,10.53,195.6,19.7,5.88,3.49,1.74
6/7/2018 13:18,8.33,182.9,26,5.97,3.53,1.81
6/7/2018 13:47,11.76,197,21.4,5.88,3.42,1.75
6/7/2018 14:17,7.69,197,26.7,6.15,3.59,1.81
6/7/2018 14:48,7.69,194.2,20.8,6.15,3.67,2
6/7/2018 15:17,7.14,202.6,26.2,6.25,3.67,2.01
6/7/2018 15:47,7.69,201.2,25,6.35,3.74,2.11
6/7/2018 16:18,7.69,195.6,24.4,6.45,4.12,2.06
6/7/2018 16:47,8.33,191.3,28.9,6.35,3.99,1.98
6/7/2018 17:17,9.09,187.1,22.7,6.78,4.32,2.58
6/7/2018 17:48,9.09,188.5,21,6.67,4.42,2.2
6/7/2018 18:17,8.33,197,25.9,6.56,4.17,2.06
6/7/2018 18:47,8.33,187.1,29.2,6.56,4.26,2.17
6/7/2018 19:18,9.09,191.3,22.2,6.67,4.06,2.54
6/7/2018 19:47,7.69,194.2,24.4,6.56,4.04,2.01
6/7/2018 20:17,8.33,195.6,24.8,6.56,3.97,1.95
6/7/2018 20:48,10,187.1,24.3,6.56,3.95,2.02
6/7/2018 21:17,10.53,191.3,24.5,6.35,3.71,1.69
6/7/2018 21:47,9.09,192.8,26.5,6.35,3.65,1.66
6/7/2018 22:18,11.11,185.7,23.6,6.45,3.67,1.68
6/7/2018 22:47,11.11,184.3,28.5,6.06,3.3,1.43
6/7/2018 23:17,9.09,194.2,31.3,6.25,3.47,1.47
6/7/2018 23:48,13.33,199.8,21.3,6.35,3.3,1.41
6/8/2018 0:17,12.5,195.6,22.8,6.78,3.55,1.51
6/8/2018 0:47,12.5,204,22.2,6.67,3.28,1.49
6/8/2018 1:18,11.76,197,22.4,7.02,3.52,1.61
6/8/2018 1:47,13.33,198.4,25.3,6.67,3.34,1.54
6/8/2018 2:17,12.5,197,23.1,7.02,3.4,1.63
6/8/2018 2:48,14.29,194.2,14.3,7.41,3.61,1.71
6/8/2018 3:17,15.38,198.4,17.5,7.27,3.41,1.47
6/8/2018 3:47,13.33,204,18.7,7.14,3.54,1.52
6/8/2018 4:18,14.29,195.6,12.1,7.27,3.6,1.71
6/8/2018 4:47,14.29,197,12.8,7.69,3.74,1.65
6/8/2018 5:17,15.38,191.3,16.1,7.41,3.37,1.5
6/8/2018 5:48,14.29,187.1,15.9,7.55,3.65,1.59
6/8/2018 6:17,14.29,194.2,17.2,7.55,3.79,1.55
6/8/2018 6:47,14.29,191.3,13.8,7.55,3.74,1.6
6/8/2018 7:18,13.33,201.2,14.1,7.84,3.72,1.79
6/8/2018 7:47,14.29,202.6,18.1,7.55,3.52,1.66
6/8/2018 8:17,14.29,189.9,22.7,7.27,3.34,1.67
6/8/2018 8:48,13.33,195.6,20.8,7.69,3.6,1.97
6/8/2018 9:17,14.29,194.2,19.9,7.14,3.25,1.67
6/8/2018 9:47,12.5,194.2,21.9,7.27,3.07,1.49
6/8/2018 10:18,13.33,192.8,18.8,7.41,3.06,1.73
6/8/2018 10:47,14.29,195.6,17,7.55,3.17,1.77
6/8/2018 11:17,15.38,192.8,24.8,7.41,2.93,1.65
6/8/2018 11:48,13.33,194.2,20,7.55,2.89,1.67
6/8/2018 12:17,13.33,197,19,7.84,2.84,1.85
6/8/2018 12:47,12.5,195.6,21.3,7.69,2.72,1.79
6/8/2018 13:18,13.33,194.2,22.8,7.84,2.67,1.86
6/8/2018 13:47,12.5,189.9,17.9,8.33,3,1.9
6/8/2018 14:17,12.5,197,23.5,7.84,2.72,1.61
6/8/2018 14:48,13.33,192.8,18.2,8,2.59,2.01
6/8/2018 15:17,14.29,198.4,19.5,8.33,2.76,1.8
6/8/2018 15:47,13.33,199.8,11.3,8.51,2.71,1.99
6/8/2018 16:18,10.53,195.6,20.1,8.51,2.8,2.01
6/8/2018 16:47,13.33,192.8,15.2,8.33,2.65,1.78
6/8/2018 17:17,13.33,195.6,16.2,8.33,2.7,1.87
6/9/2018 9:17,11.76,189.9,16.2,6.9,2.03,1.84
6/9/2018 9:47,14.29,188.5,21.5,6.67,1.91,1.47
6/9/2018 10:18,13.33,182.9,16,7.41,2.1,1.75
6/9/2018 10:47,11.76,195.6,19,7.02,1.89,1.72
6/9/2018 11:17,11.76,192.8,18.2,7.02,1.99,1.65
6/9/2018 11:48,12.5,188.5,19.7,6.9,2.05,1.72
6/9/2018 12:17,13.33,182.9,23.3,6.67,1.93,1.63
6/9/2018 12:47,13.33,184.3,28.1,6.56,1.9,1.63
6/9/2018 13:18,10.53,185.7,27,6.56,2.01,1.75
6/9/2018 13:47,12.5,181.5,25.9,6.56,1.89,1.58
6/9/2018 14:17,10.53,180.1,30.7,6.67,1.88,1.6
6/9/2018 14:48,11.76,181.5,28.9,6.67,1.97,1.61
6/9/2018 15:17,11.76,188.5,22.8,7.14,2.09,1.81
6/9/2018 15:47,11.11,187.1,25,6.9,1.96,1.7
6/9/2018 16:18,11.76,177.3,25,6.67,1.78,1.49
6/9/2018 16:47,11.11,187.1,26.7,6.56,1.9,1.61
6/9/2018 17:17,12.5,189.9,22.6,6.45,1.95,1.54
6/9/2018 17:48,11.11,187.1,24.2,6.25,1.79,1.54
6/9/2018 18:17,13.33,189.9,25.2,6.25,1.75,1.47
6/9/2018 18:47,11.11,189.9,18.9,6.45,1.79,1.6
6/9/2018 19:18,10.53,187.1,28.2,6.06,1.69,1.44
6/9/2018 19:47,8.33,123.8,62,5.8,1.66,1.39
6/9/2018 20:17,11.11,187.1,25.7,5.63,1.85,1.32
6/9/2018 20:48,10.53,192.8,22,5.48,1.87,1.34
6/9/2018 21:17,7.14,49.3,42.5,5.56,1.84,1.59
6/9/2018 21:47,7.69,53.5,58.8,5.88,1.86,1.67
6/9/2018 22:18,8.33,57.8,45.7,5.88,1.82,1.72
6/9/2018 22:47,7.69,47.9,47.3,5.71,1.81,1.57
6/9/2018 23:17,7.69,59.2,52.1,5.71,1.84,1.55
6/9/2018 23:48,11.11,188.5,36.8,5.41,1.68,1.3
6/10/2018 0:17,9.09,111.2,62.9,5.33,1.77,1.43
6/10/2018 0:47,10.53,177.3,51.9,5.33,1.72,1.28
6/10/2018 1:18,11.11,178.7,36.8,5.41,1.75,1.34
6/10/2018 1:47,7.14,50.7,37.3,5.41,1.86,1.44
6/10/2018 2:17,7.69,53.5,42.6,5.26,1.73,1.4
6/10/2018 2:48,11.76,170.3,27.8,5.41,1.72,1.3
6/10/2018 3:17,11.76,192.8,27.2,5.26,1.57,1.27
6/10/2018 3:47,6.67,50.7,37,5.56,1.67,1.3
6/10/2018 4:18,7.69,53.5,41.3,5.41,1.55,1.36
6/10/2018 4:47,10,173.1,36.6,5.56,1.6,1.39
6/10/2018 5:17,11.76,185.7,26.3,5.56,1.42,1.3
6/10/2018 5:48,11.76,191.3,23.2,5.48,1.43,1.33
6/10/2018 6:17,7.69,54.9,49,5.33,1.44,1.35
6/10/2018 6:47,6.67,49.3,34.9,5.48,1.49,1.43
6/10/2018 7:18,7.69,54.9,46.1,5.56,1.5,1.35
6/10/2018 7:47,10,159,46.2,5.33,1.41,1.28
6/10/2018 8:17,7.69,53.5,43.8,5.63,1.41,1.5
6/10/2018 8:48,7.69,56.3,34.9,5.8,1.45,1.64
6/10/2018 9:17,8.33,62,42.9,6.25,1.52,1.81
6/10/2018 9:47,7.69,54.9,39.5,6.15,1.46,1.88
6/10/2018 10:18,8.33,47.9,40.3,6.45,1.46,2.25
6/10/2018 10:47,7.69,43.7,41.4,6.35,1.38,1.95
6/10/2018 11:17,7.69,47.9,31.7,6.45,1.38,2.14
6/10/2018 11:48,7.69,43.7,34.6,6.56,1.36,2.12
6/10/2018 12:17,7.69,45.1,35.8,6.45,1.39,2.24
6/10/2018 12:47,8.33,46.5,40.3,5.88,1.43,1.88
6/10/2018 13:18,7.14,40.9,33.3,5.13,1.4,1.48
6/10/2018 13:47,7.69,40.9,31.3,5.13,1.48,1.58
6/10/2018 14:17,6.25,35.3,33,4.76,1.32,1.25
6/10/2018 14:48,12.5,185.7,40.5,4.88,1.39,1.29
6/10/2018 15:17,6.67,46.5,34.1,4.94,1.38,1.33
6/10/2018 15:47,7.69,56.3,40.1,4.94,1.3,1.34
6/10/2018 16:18,7.69,45.1,43.4,5.06,1.32,1.31
6/10/2018 16:47,10,164.6,39.1,5.06,1.31,1.23
6/10/2018 17:17,7.14,50.7,38.7,5.2,1.36,1.31
6/10/2018 17:48,13.33,189.9,31.6,4.94,1.23,1.21
6/10/2018 18:17,7.69,56.3,40.5,5,1.22,1.25
6/10/2018 18:47,12.5,191.3,26.7,5,1.22,1.22
6/10/2018 19:18,11.76,189.9,30.8,5.06,1.34,1.27
6/10/2018 19:47,11.76,201.2,33.1,5,1.37,1.28
6/10/2018 20:17,7.14,69,49,4.76,1.41,1.32
6/10/2018 20:48,11.11,194.2,37.8,4.71,1.42,1.29
6/10/2018 21:17,4,147.8,26,4.6,1.48,1.41
6/10/2018 21:47,7.14,53.5,37.8,4.49,1.5,1.45
6/10/2018 22:18,12.5,209.6,32.7,4.6,1.57,1.35
6/10/2018 22:47,12.5,205.4,27.3,4.65,1.54,1.33
6/10/2018 23:17,6.25,59.2,43,4.49,1.55,1.35
6/10/2018 23:48,4.17,154.8,25.1,4.49,1.53,1.31
6/11/2018 0:17,12.5,202.6,41.3,4.44,1.48,1.33
6/11/2018 0:47,4.35,150.6,32.2,4.4,1.45,1.35
6/11/2018 1:18,11.11,188.5,39.6,4.49,1.37,1.27
6/11/2018 1:47,10.53,188.5,44.9,4.54,1.37,1.29
6/11/2018 2:17,11.76,205.4,33.7,4.76,1.4,1.27
6/11/2018 2:48,10.53,166,65.5,4.71,1.3,1.24
6/11/2018 3:17,10,135.1,61.2,4.71,1.29,1.21
6/11/2018 3:47,10.53,149.2,47.3,4.49,1.32,1.33
6/11/2018 4:18,10,178.7,64.8,4.49,1.29,1.29
6/11/2018 4:47,9.09,133.7,55.5,4.65,1.33,1.23
6/11/2018 5:17,10,137.9,53.7,4.54,1.29,1.29
6/11/2018 5:48,9.09,133.7,57.9,4.6,1.28,1.27
6/11/2018 6:17,10,167.4,49.8,4.71,1.34,1.47
6/11/2018 6:47,10,149.2,47.9,4.88,1.42,1.4
6/11/2018 7:18,11.11,184.3,36.1,4.76,1.34,1.37
6/11/2018 7:47,9.09,170.3,52.1,4.76,1.33,1.36
6/11/2018 8:17,9.09,157.6,43.9,5,1.36,1.46
6/11/2018 8:48,9.09,140.7,50.9,5,1.33,1.34
6/11/2018 9:17,10,160.4,50.6,5,1.38,1.29
6/11/2018 9:47,10,171.7,43.5,5,1.35,1.31
6/11/2018 10:18,11.11,121,59.3,4.76,1.3,1.19
6/11/2018 10:47,9.09,114,57.4,4.82,1.37,1.26
6/11/2018 11:17,10,123.8,57.6,4.88,1.36,1.23
6/11/2018 11:48,10.53,126.7,61,4.71,1.32,1.17
6/11/2018 12:17,10,144.9,59,4.82,1.39,1.24
6/11/2018 12:47,10.53,156.2,58.3,4.94,1.39,1.41
6/11/2018 13:18,10,150.6,59.9,4.65,1.31,1.13
6/11/2018 13:47,10,133.7,46.4,4.6,1.32,1.16
6/11/2018 14:17,11.11,157.6,50.6,4.6,1.42,1.11
6/11/2018 14:48,10,123.8,45.2,4.88,1.45,1.35
6/11/2018 15:17,10,107,57.6,4.49,1.28,1.17
6/11/2018 15:47,10,135.1,56.7,4.94,1.33,1.37
6/11/2018 16:18,10.53,108.4,46.4,4.6,1.23,1.27
6/11/2018 16:47,10,97.1,46.6,5.06,1.37,1.44
6/11/2018 17:17,9.09,143.5,59.1,4.6,1.19,1.15
6/11/2018 17:48,10,112.6,44.1,4.94,1.31,1.37
6/11/2018 18:17,10,114,47.6,5.06,1.36,1.61
6/11/2018 18:47,10,111.2,53.8,4.94,1.31,1.37
6/11/2018 19:18,10.53,130.9,59.3,4.88,1.3,1.26
6/11/2018 19:47,10.53,139.3,47.9,4.94,1.36,1.36
6/11/2018 20:17,10,130.9,54.4,4.82,1.29,1.29
6/11/2018 20:48,10,119.6,49,5.06,1.36,1.3
6/11/2018 21:17,10,112.6,36.4,5.2,1.47,1.43
6/11/2018 21:47,10.53,118.2,46.6,4.88,1.38,1.35
6/11/2018 22:18,10,126.7,47.3,5.06,1.42,1.39
6/11/2018 22:47,10.53,116.8,51.9,4.88,1.4,1.31
6/11/2018 23:17,10,88.7,47.6,4.88,1.43,1.27
6/11/2018 23:48,10.53,126.7,63.6,4.88,1.39,1.26
6/12/2018 0:17,9.09,112.6,56.6,4.82,1.39,1.31
6/12/2018 0:47,10,107,50.5,5.06,1.59,1.41
6/12/2018 1:18,10.53,98.5,43.3,4.94,1.43,1.4
6/12/2018 1:47,10.53,91.5,48.8,4.94,1.46,1.35
6/12/2018 2:17,10,84.5,45.8,5.13,1.44,1.3
6/12/2018 2:48,8.33,143.5,50.1,5,1.43,1.36
6/12/2018 3:17,6.25,83.1,29.7,5.2,1.57,1.72
6/12/2018 3:47,10,98.5,46.4,5.33,1.52,1.61
6/12/2018 4:18,6.25,80.3,33,5.33,1.6,1.67
6/12/2018 4:47,6.25,81.7,30.2,5.41,1.59,1.75
6/12/2018 5:17,10.53,115.4,46.9,5.2,1.44,1.54
6/12/2018 5:48,5.56,91.5,37.4,5.13,1.45,1.47
6/12/2018 6:17,9.09,128.1,54.4,5.26,1.47,1.44
6/12/2018 6:47,10,125.3,52.8,5.48,1.61,1.64
6/12/2018 7:18,6.67,87.3,41.6,5.33,1.58,1.58
6/12/2018 7:47,10.53,121,35.4,5.48,1.6,1.65
6/12/2018 8:17,6.67,81.7,32.2,5.48,1.71,1.78
6/12/2018 8:48,6.67,90.1,36.5,5.48,1.66,1.7
6/12/2018 9:17,6.67,90.1,37.5,5.48,1.62,1.8
6/12/2018 9:47,8.33,108.4,50,5.63,1.8,1.9
6/12/2018 10:18,8.33,133.7,45,5.71,1.82,1.67
6/12/2018 10:47,7.69,94.3,47.2,5.56,1.79,1.63
6/12/2018 11:17,7.14,84.5,45.3,5.63,1.87,1.72
6/12/2018 11:48,7.69,118.2,46.4,5.71,2.03,1.94
6/12/2018 12:17,7.69,99.9,47.3,5.63,1.92,1.59
6/12/2018 12:47,7.14,98.5,35.4,5.63,1.98,1.94
6/12/2018 13:18,7.69,97.1,43.1,5.56,1.98,1.94
6/12/2018 13:47,7.69,94.3,40.5,5.56,2,1.77
6/12/2018 14:17,8.33,83.1,37,5.71,2.06,2.03
6/12/2018 14:48,8.33,84.5,43.4,5.71,2.06,2.11
6/12/2018 15:17,8.33,83.1,36.3,5.97,2.28,2.16
6/12/2018 15:47,10,67.6,43,5.8,2.1,1.81
6/12/2018 16:18,8.33,71.8,36.1,5.88,2.2,2.03
6/12/2018 16:47,9.09,76,28.2,6.15,2.48,2.34
6/12/2018 17:17,9.09,74.6,28.1,6.35,2.5,2.54
6/12/2018 17:48,8.33,85.9,36.8,6.25,2.64,2.46
6/12/2018 18:17,9.09,78.8,32.3,6.35,2.69,2.12
6/12/2018 18:47,10,74.6,23.9,6.25,2.62,2.07
6/12/2018 19:18,9.09,80.3,35,6.35,2.73,2.05
6/12/2018 19:47,9.09,78.8,35.1,6.45,2.75,2.18
6/12/2018 20:17,9.09,74.6,33.2,6.25,2.67,2.12
6/12/2018 20:48,10,77.4,29.3,6.35,2.82,2.43
6/12/2018 21:17,9.09,85.9,28,6.35,2.73,2.2
6/12/2018 21:47,10,74.6,25.3,7.02,3.13,2.63
6/12/2018 22:18,9.09,87.3,28.8,6.78,3.01,2.49
6/12/2018 22:47,10.53,70.4,26.4,6.78,2.97,2.13
6/12/2018 23:17,10,74.6,23.7,6.78,2.95,2.17
6/12/2018 23:48,10.53,76,27.8,6.78,3.13,2.1
6/13/2018 0:17,10,80.3,27.2,7.14,3.3,2.11
6/13/2018 0:47,10.53,69,20.3,7.14,3.4,2.37
6/13/2018 1:18,11.11,70.4,21,6.9,3.31,2.14
6/13/2018 1:47,10.53,67.6,27,6.9,3.3,1.81
6/13/2018 2:17,10.53,64.8,26.7,7.02,3.5,2.03
6/13/2018 2:48,11.76,62,23.3,6.78,3.32,1.91
6/13/2018 3:17,11.11,57.8,18.8,7.27,3.58,2.74
6/13/2018 3:47,11.11,53.5,16.9,7.41,3.97,2.36
6/13/2018 4:18,10,57.8,22.3,7.27,3.77,2.49
6/13/2018 4:47,11.11,56.3,19.8,7.02,3.44,2.05
6/13/2018 5:17,11.11,57.8,17.3,7.41,3.83,2.43
6/13/2018 5:48,10.53,69,25.4,6.78,3.55,1.98
6/13/2018 6:17,11.11,62,31.6,7.02,3.87,2.14
6/13/2018 6:47,10,71.8,32.1,6.56,3.45,1.74
6/13/2018 7:18,11.76,64.8,18.4,7.27,3.99,2.32
6/13/2018 7:47,11.11,62,22.8,6.9,3.69,2.19
6/13/2018 8:17,11.11,74.6,21.2,7.14,3.73,2.19
6/13/2018 8:48,11.76,67.6,14.7,7.41,3.93,2.31
6/13/2018 9:17,11.76,69,20.7,6.78,3.4,1.97
6/13/2018 9:47,11.76,64.8,26.1,7.27,3.8,2.01
6/13/2018 10:18,11.76,80.3,31.3,7.02,3.59,1.99
6/13/2018 10:47,11.76,66.2,17.7,7.27,3.52,2.18
6/13/2018 11:17,11.11,76,24.4,6.9,3.27,1.98
6/13/2018 11:48,11.11,73.2,24.6,7.27,3.34,2.2
6/13/2018 12:17,11.76,80.3,19.7,7.14,3.27,2.43
6/13/2018 12:47,10.53,77.4,19.6,7.14,3.37,2.07
6/13/2018 13:18,11.76,69,17.5,7.14,3.35,2.32
6/13/2018 13:47,11.11,73.2,27.4,7.14,3.29,2.28
6/13/2018 14:17,11.11,69,21.2,7.02,3.16,2.17
6/13/2018 14:48,11.11,66.2,18.2,7.02,3.3,2.31
6/13/2018 15:17,11.76,63.4,24.4,7.02,3.27,2.02
6/13/2018 15:47,11.11,63.4,21.9,7.14,3.35,2.26
6/13/2018 16:18,11.11,73.2,18,7.41,3.39,2.62
6/13/2018 16:47,11.11,71.8,21.8,7.02,3.07,2.32
6/13/2018 17:17,11.76,69,26.3,7.02,2.93,2.1
6/13/2018 17:48,11.11,71.8,20.9,7.02,3.19,2.27
6/13/2018 18:17,10.53,67.6,17.9,7.14,3.23,2.05
6/13/2018 18:47,10.53,78.8,18.5,7.27,3.25,2.63
6/13/2018 19:18,10,90.1,24.5,6.9,2.86,1.99
6/13/2018 19:47,11.11,69,22.5,6.9,2.89,2.27
6/13/2018 20:17,10,83.1,20.4,7.02,2.95,2.35
6/13/2018 20:48,11.11,80.3,19,7.02,2.78,2.27
6/13/2018 21:17,10.53,67.6,24.7,7.41,2.99,2.37
6/13/2018 21:47,11.11,74.6,20.9,7.27,2.93,2.42
6/13/2018 22:18,10.53,87.3,26.6,7.41,3.09,2.56
6/13/2018 22:47,10,81.7,23.9,7.55,3.04,3.04
6/13/2018 23:17,10,76,27.2,7.69,2.93,3.28
6/13/2018 23:48,10.53,78.8,28,7.41,2.73,2.61
6/14/2018 0:17,11.11,67.6,28.5,7.27,2.72,2.69
6/14/2018 0:47,11.11,71.8,30.8,7.14,2.46,2.24
6/14/2018 1:18,11.11,62,33.8,6.9,2.45,2.11
6/14/2018 1:47,11.11,73.2,25,7.02,2.54,2.67
6/14/2018 2:17,10,74.6,21.9,7.41,2.95,2.89
6/14/2018 2:48,10.53,63.4,23.7,7.02,2.58,2.62
6/14/2018 3:17,11.11,78.8,23.8,7.27,2.79,3.02
6/14/2018 3:47,11.11,84.5,27.9,6.35,2.36,2.03
6/14/2018 4:18,10.53,64.8,28.3,6.78,2.5,2.38
6/14/2018 4:47,10,78.8,30.2,6.45,2.3,2.08
6/14/2018 5:17,10.53,71.8,26.7,6.78,2.52,2.46
6/14/2018 5:48,11.11,77.4,31,6.45,2.31,1.98
6/14/2018 6:17,10.53,66.2,30,6.67,2.44,2.31
6/14/2018 6:47,10.53,63.4,14.7,6.56,2.33,2.02
6/14/2018 7:18,10.53,80.3,17.8,6.78,2.49,2.84
6/14/2018 7:47,11.11,80.3,19.1,6.56,2.29,2.42
6/14/2018 8:17,10.53,85.9,33.1,6.56,2.27,2.09
6/14/2018 8:48,10,88.7,35.3,6.78,2.36,2.26
6/14/2018 9:17,11.11,81.7,34.2,6.35,2.09,1.72
6/14/2018 9:47,11.11,85.9,25.5,6.56,2.17,2.16
6/14/2018 10:18,10,88.7,27.9,6.35,2.17,2.12
6/14/2018 10:47,11.11,90.1,32.5,6.25,2.05,1.96
6/14/2018 11:17,10.53,92.9,30.6,6.56,2.27,2.43
6/14/2018 11:48,10.53,87.3,37.4,6.25,2.11,1.94
6/14/2018 12:17,10,84.5,20.9,6.15,2.19,1.99
6/14/2018 12:47,11.11,77.4,20.8,5.8,2.05,1.87
6/14/2018 13:18,11.11,85.9,27.8,5.97,2.14,2.21
6/14/2018 13:47,10,81.7,28.9,5.88,2.23,1.97
6/14/2018 14:17,11.76,90.1,37.5,5.71,2.05,1.95
6/14/2018 14:48,11.11,77.4,24.1,5.88,2.08,2.21
6/14/2018 15:17,11.11,76,40,5.88,2.15,2.25
6/14/2018 15:47,10.53,95.7,33.8,5.71,2.06,2
6/14/2018 16:18,11.11,85.9,33.3,5.71,2.07,2.02
6/14/2018 16:47,10.53,92.9,33.9,5.88,2.1,2.19
6/14/2018 17:17,10.53,90.1,31.9,5.56,1.92,1.83
6/14/2018 17:48,11.11,91.5,32,5.63,1.91,1.98
6/14/2018 18:17,10.53,83.1,30.2,5.71,1.86,1.72
6/14/2018 18:47,10.53,85.9,33.8,5.88,1.89,2.15
6/14/2018 19:18,10.53,73.2,45.3,5.88,1.74,1.84
6/14/2018 19:47,10.53,92.9,33.2,6.06,1.76,2.04
6/14/2018 20:17,10,90.1,29.9,6.35,1.86,2.26
6/14/2018 20:48,11.11,92.9,33.3,6.35,1.78,2.03
6/14/2018 21:17,10,88.7,35.1,6.56,1.83,2.08
6/14/2018 21:47,10,94.3,33.1,6.45,1.69,1.83
6/14/2018 22:18,10,81.7,30.7,6.9,1.76,2.3
6/14/2018 22:47,10.53,95.7,36.5,6.67,1.62,2.02
6/14/2018 23:17,10.53,98.5,37,6.67,1.72,2.19
6/14/2018 23:48,10.53,104.2,35.3,6.56,1.7,1.98
6/15/2018 0:17,10,108.4,31.4,6.45,1.79,2.3
6/15/2018 0:47,10,90.1,31.6,6.45,1.78,2.45
6/15/2018 1:18,10,99.9,38.5,6.25,1.75,1.74
6/15/2018 1:47,10.53,88.7,32.5,6.15,1.7,1.83
6/15/2018 2:17,10.53,105.6,32.6,6.15,1.66,1.87
6/15/2018 2:48,10.53,87.3,35.8,6.35,1.76,1.9
6/15/2018 3:17,10.53,87.3,33.1,6.35,1.74,1.85
6/15/2018 3:47,10.53,83.1,29.5,6.45,1.67,2.13
6/15/2018 4:18,10,87.3,30.9,6.78,1.79,2.77
6/15/2018 4:47,10,83.1,28.4,7.14,1.83,2.4
6/15/2018 5:17,10,85.9,30.4,7.02,1.77,2.53
6/15/2018 5:48,9.09,104.2,33.6,6.67,1.55,1.95
6/15/2018 6:17,9.09,92.9,32.6,6.9,1.58,1.92
6/15/2018 6:47,10,90.1,33.1,7.27,1.62,2.08
6/15/2018 7:18,10.53,108.4,49.1,6.78,1.37,1.81
6/15/2018 7:47,8.33,115.4,33.7,7.27,1.56,2.08
6/15/2018 8:17,10,107,41.2,7.41,1.46,2.03
6/15/2018 8:48,10,97.1,37.7,7.41,1.42,2.01
6/15/2018 9:17,10,90.1,23.7,7.55,1.59,2.16
6/15/2018 9:47,12.5,126.7,31.8,7.84,1.58,2.11
6/15/2018 10:18,10,98.5,33.1,7.69,1.46,2.26
6/15/2018 10:47,12.5,116.8,41.3,7.27,1.31,1.8
6/15/2018 11:17,9.09,101.3,35.3,7.55,1.44,1.99
6/15/2018 11:48,10,123.8,35.8,7.55,1.43,2.13
6/15/2018 12:17,9.09,111.2,36.1,7.55,1.45,2.1
6/15/2018 12:47,9.09,109.8,27,7.55,1.55,2.21
6/15/2018 13:18,10,115.4,32.1,7.55,1.51,2.15
6/15/2018 13:47,10,102.8,36.3,7.41,1.46,2.11
6/15/2018 14:17,10.53,108.4,28.2,7.02,1.38,1.85
6/15/2018 14:48,9.09,94.3,38.2,7.14,1.46,1.95
6/15/2018 15:17,12.5,105.6,25,6.9,1.38,1.76
6/15/2018 15:47,13.33,121,36.7,7.14,1.42,1.83
6/15/2018 16:18,9.09,92.9,34.2,6.9,1.35,2.19
6/15/2018 16:47,9.09,99.9,36.5,7.27,1.34,1.98
6/15/2018 17:17,9.09,88.7,33.1,7.27,1.32,1.98
6/15/2018 17:48,13.33,95.7,30.2,7.14,1.33,1.93
6/15/2018 18:17,13.33,97.1,28.9,7.14,1.29,1.86
6/15/2018 18:47,10.53,95.7,32.7,6.67,1.27,1.73
6/15/2018 19:18,13.33,102.8,38.9,6.67,1.26,1.89
6/15/2018 19:47,13.33,94.3,34.6,6.35,1.16,1.6
6/15/2018 20:17,9.09,97.1,33.1,6.35,1.18,1.86
6/15/2018 20:48,11.76,101.3,37,6.45,1.22,1.62
6/15/2018 21:17,10,84.5,28.4,6.67,1.24,1.86
6/15/2018 21:47,13.33,107,33,7.02,1.26,1.94
6/15/2018 22:18,9.09,98.5,41.9,6.9,1.17,2.04
6/15/2018 22:47,12.5,112.6,45.3,7.14,1.28,1.89
6/15/2018 23:17,10.53,114,34.8,7.02,1.17,1.88
6/15/2018 23:48,13.33,109.8,37.4,7.27,1.25,2.06
6/16/2018 0:17,12.5,116.8,44,7.02,1.17,1.89
6/16/2018 0:47,12.5,88.7,38.3,7.14,1.26,2.05
6/16/2018 1:18,13.33,97.1,33.2,7.27,1.24,2.06
6/16/2018 1:47,11.76,105.6,36.1,7.27,1.23,2.04
6/16/2018 2:17,13.33,99.9,28.8,7.41,1.33,2.03
6/16/2018 2:48,11.11,92.9,32,7.41,1.29,1.94
6/16/2018 3:17,11.76,98.5,35,7.41,1.25,1.92
6/16/2018 3:47,12.5,92.9,29.1,7.69,1.34,2.41
6/16/2018 4:18,11.11,76,27.8,8,1.37,2.03
6/16/2018 4:47,11.76,74.6,26.9,8,1.3,2.21
6/16/2018 5:17,10.53,78.8,31.3,7.55,1.18,1.93
6/16/2018 5:48,11.76,80.3,29.5,7.55,1.25,2.04
6/16/2018 6:17,11.11,83.1,30.7,7.55,1.23,2.2
6/16/2018 6:47,12.5,92.9,28,7.84,1.31,1.9
6/16/2018 7:18,11.76,87.3,35,8,1.36,2.08
6/16/2018 7:47,10,69,37.9,7.55,1.21,1.84
6/16/2018 8:17,11.11,83.1,32.3,7.55,1.24,1.98
6/16/2018 8:48,11.11,80.3,28.8,7.69,1.34,1.94
6/16/2018 9:17,11.76,87.3,25,7.84,1.44,2.05
6/16/2018 9:47,10,81.7,29.3,7.41,1.33,1.93
6/16/2018 10:18,10.53,73.2,28.1,7.14,1.22,1.75
6/16/2018 10:47,11.11,99.9,25.7,7.69,1.39,2.11
6/16/2018 11:17,11.11,98.5,29.8,7.27,1.25,1.86
6/16/2018 11:48,11.11,80.3,34,7.55,1.38,1.99
6/16/2018 12:17,12.5,98.5,34.7,7.69,1.35,2.07
6/16/2018 12:47,11.11,88.7,26.1,7.55,1.31,2.17
6/16/2018 13:18,10.53,85.9,33.3,7.69,1.35,2.15
6/16/2018 13:47,10,80.3,27.2,8,1.4,2.18
6/16/2018 14:17,13.33,108.4,32.3,7.84,1.26,2.06
6/16/2018 14:48,12.5,97.1,26.6,7.84,1.35,2.01
6/16/2018 15:17,11.76,90.1,20.8,7.84,1.29,2.45
6/16/2018 15:47,13.33,102.8,25.9,8,1.28,2.22
6/16/2018 16:18,12.5,95.7,31.3,8,1.23,2.44
6/16/2018 16:47,11.11,80.3,28,8.16,1.33,2.51
6/16/2018 17:17,11.76,92.9,29.9,8,1.35,2.33
6/16/2018 17:48,11.11,95.7,28.4,8,1.23,2.11
6/16/2018 18:17,11.76,94.3,22.7,8.16,1.3,2.55
6/16/2018 18:47,11.11,84.5,30.2,8.33,1.38,2.71
6/16/2018 19:18,10.53,88.7,22,8.16,1.37,2.95
6/16/2018 19:47,11.11,77.4,22.8,8,1.29,2.67
6/16/2018 20:17,11.11,83.1,23.4,8,1.29,2.72
6/16/2018 20:48,11.11,83.1,26.1,8.16,1.34,2.94
6/16/2018 21:17,11.76,88.7,24.5,7.84,1.21,2.47
6/16/2018 21:47,11.11,83.1,31.2,7.69,1.14,2.38
6/16/2018 22:18,10.53,92.9,24.8,7.69,1.19,2.49
6/16/2018 22:47,10.53,85.9,26.7,8,1.29,2.6
6/16/2018 23:17,11.11,84.5,29.7,8,1.33,2.56
6/16/2018 23:48,11.11,94.3,29.5,7.69,1.26,2.4
6/17/2018 0:17,10.53,92.9,16.2,7.55,1.34,2.62
6/17/2018 0:47,11.76,87.3,34.7,7.14,1.23,2.12
6/17/2018 1:18,10.53,81.7,26.6,7.41,1.25,2.54
6/17/2018 1:47,10.53,71.8,27.8,7.55,1.33,2.39
6/17/2018 2:17,10,92.9,32.9,7.02,1.13,2.18
6/17/2018 2:48,10.53,78.8,27.4,7.14,1.26,2.11
6/17/2018 3:17,10.53,97.1,39.6,7.02,1.25,1.79
6/17/2018 3:47,10.53,73.2,24.2,7.27,1.33,1.99
6/17/2018 4:18,11.11,83.1,23.3,7.14,1.31,1.96
6/17/2018 4:47,10.53,74.6,33.5,6.9,1.29,2.06
6/17/2018 5:17,10.53,76,30.3,6.78,1.23,1.96
6/17/2018 5:48,11.76,84.5,41.2,6.56,1.21,1.77
6/17/2018 6:17,10.53,77.4,24.1,7.02,1.42,2.28
6/17/2018 6:47,10.53,91.5,28.5,6.78,1.23,2.12
6/17/2018 7:18,10.53,67.6,24.8,6.9,1.28,2.27
6/17/2018 7:47,10.53,83.1,25.2,7.27,1.26,2.57
6/17/2018 8:17,10,83.1,25,7.41,1.24,2.27
6/17/2018 8:48,10,71.8,22.9,7.27,1.24,2.55
6/17/2018 9:17,10.53,85.9,24.6,7.27,1.19,2.39
6/17/2018 9:47,10.53,87.3,27.8,7.14,1.16,2.22
6/17/2018 10:18,11.11,104.2,32.6,7.41,1.17,2.12
6/17/2018 10:47,10,85.9,26,7.55,1.3,2.37
6/17/2018 11:17,11.11,109.8,37.6,7.41,1.16,2.01
6/17/2018 11:48,11.11,98.5,38.7,7.27,1.08,1.96
6/17/2018 12:17,10,87.3,26,7.84,1.23,2.73
6/17/2018 12:47,11.11,104.2,32.7,7.69,1.13,2.24
6/17/2018 13:18,10,92.9,30.6,7.69,1.16,2.56
6/17/2018 13:47,10,104.2,28.5,7.69,1.1,2.48
6/17/2018 14:17,10.53,92.9,33.3,7.55,1.05,2.21
6/17/2018 14:48,10.53,98.5,30.2,7.84,1.11,2.46
6/17/2018 15:17,10.53,102.8,35.3,7.84,1.08,2.24
6/17/2018 15:47,11.11,94.3,30.7,8.16,1.15,2.26
6/17/2018 16:18,10,90.1,21.3,8.16,1.21,2.53
6/17/2018 16:47,11.11,95.7,36.9,8,1.1,1.97
6/17/2018 17:17,10,97.1,34.5,8,1.1,2.14
6/17/2018 17:48,10.53,84.5,36.3,7.84,1.07,2.09
6/17/2018 18:17,11.11,85.9,27.2,7.84,1.05,2.07
6/17/2018 18:47,10.53,88.7,24.4,8,1.08,2.41
6/17/2018 19:18,10.53,92.9,35.3,8.16,1.03,2.23
6/17/2018 19:47,11.76,111.2,32.2,8,1.03,1.98
6/17/2018 20:17,12.5,116.8,27.8,8.16,1.05,2.18
6/17/2018 20:48,10.53,85.9,24.8,8.16,1.03,2.52
6/17/2018 21:17,10.53,90.1,30.7,7.84,1.03,2.44
6/17/2018 21:47,11.11,94.3,32.5,8,1.06,2.46
6/17/2018 22:18,10.53,88.7,29.4,8,1.13,2.98
6/17/2018 22:47,11.11,102.8,37.3,7.55,0.96,2.17
6/17/2018 23:17,10.53,91.5,24.1,7.84,1.1,2.57
6/17/2018 23:48,10.53,88.7,30.6,7.69,1.04,2.95
6/18/2018 0:17,10,90.1,38,7.27,0.94,2.1
6/18/2018 0:47,10.53,99.9,27,7.69,1.07,2.79
6/18/2018 1:18,10.53,104.2,26.3,7.84,0.99,2.83
6/18/2018 1:47,9.09,102.8,31,7.69,0.93,2.33
6/18/2018 2:17,10,99.9,27.5,8,0.97,2.55
6/18/2018 2:48,10.53,107,34.2,7.69,0.9,2.39
6/18/2018 3:17,10.53,98.5,29,8.16,1.01,2.97
6/18/2018 3:47,10,94.3,47.6,7.84,0.87,2.44
6/18/2018 4:18,10,87.3,34.1,8,0.98,2.62
6/18/2018 4:47,10,77.4,30,8.16,0.97,2.54
6/18/2018 5:17,11.76,114,29.7,8,0.94,2.38
6/18/2018 5:48,10.53,98.5,22.8,8,0.96,3.24
6/18/2018 6:17,10,108.4,36.9,7.84,0.87,2.16
6/18/2018 6:47,10,94.3,36.5,7.69,0.89,2.45
6/18/2018 7:18,10,90.1,38.2,7.84,0.97,3.06
6/18/2018 7:47,10,105.6,40.6,7.69,0.92,2.49
6/18/2018 8:17,10,112.6,34.4,7.69,0.87,2.46
6/18/2018 8:48,10.53,94.3,38.2,7.69,0.93,2.27
6/18/2018 9:17,10.53,99.9,26.4,7.55,0.92,2.64
6/18/2018 9:47,11.76,99.9,33.2,7.69,0.97,2.35
6/18/2018 10:18,10,91.5,33.2,7.55,0.9,2.94
6/18/2018 10:47,11.76,116.8,43.8,7.27,0.86,1.9
6/18/2018 11:17,10,97.1,40.1,7.55,0.93,2.31
6/18/2018 11:48,10,94.3,35.6,7.14,0.86,2.32
6/18/2018 12:17,9.09,94.3,37.9,7.14,0.82,1.98
6/18/2018 12:47,11.76,121,43.5,7.02,0.81,1.98
6/18/2018 13:18,10.53,116.8,40.7,6.67,0.9,1.77
6/18/2018 13:47,10.53,126.7,34.1,5.97,0.88,1.82
6/18/2018 14:17,10.53,102.8,39.8,5.48,0.85,1.67
6/18/2018 14:48,11.11,146.3,40.4,5.63,0.89,1.68
6/18/2018 15:17,10,116.8,37.6,5,0.95,1.6
6/18/2018 15:47,10.53,107,43.9,4.65,0.95,1.3
6/18/2018 16:18,10,101.3,37.8,4.49,0.97,1.29
6/18/2018 16:47,10.53,128.1,55.5,4.44,1.08,1.17
6/18/2018 17:17,9.09,109.8,40.5,4.3,1.11,1.23
6/18/2018 17:48,10,92.9,39.6,4.54,1.05,1.26
6/18/2018 18:17,10,80.3,31.9,4.71,1.07,1.26
6/18/2018 18:47,18.18,195.6,45.2,4.21,0.95,1.13
6/18/2018 19:18,10,85.9,38,4.35,1.03,1.13
6/18/2018 19:47,18.18,195.6,34.9,4.12,1.01,1.07
6/18/2018 20:17,18.18,185.7,34.9,4.17,0.99,1.14
6/18/2018 20:48,10.53,115.4,50.2,4.25,1.04,1.11
6/18/2018 21:17,18.18,187.1,30.2,4.35,1.02,1.12
6/18/2018 21:47,10,109.8,45.5,4.4,1.01,1.26
6/18/2018 22:18,16.67,189.9,36.8,4.65,1.08,1.16
6/18/2018 22:47,14.29,178.7,35.5,4.76,1.03,1.12
6/18/2018 23:17,14.29,178.7,35.3,4.49,1.06,1.1
6/18/2018 23:48,13.33,173.1,32.6,4.44,1.11,1.27
6/19/2018 0:17,13.33,177.3,22.6,4.44,1.22,1.27
6/19/2018 0:47,13.33,187.1,28.9,4.65,1.39,1.49
6/19/2018 1:18,13.33,182.9,34.4,4.76,1.35,1.34
6/19/2018 1:47,13.33,182.9,32,5,1.47,1.39
6/19/2018 2:17,13.33,184.3,24.2,5.33,1.65,1.56
6/19/2018 2:48,13.33,173.1,18.2,5.63,1.81,1.89
6/19/2018 3:17,13.33,170.3,22.8,5.48,1.87,1.61
6/19/2018 3:47,12.5,168.8,17.6,5.71,2.09,2.07
6/19/2018 4:18,12.5,174.5,22.7,5.71,2.06,1.98
6/19/2018 4:47,11.76,170.3,19,5.97,2.12,2.14
6/19/2018 5:17,12.5,180.1,18.1,6.06,2.17,2.41
6/19/2018 5:48,12.5,177.3,26.9,5.41,2,2.11
6/19/2018 6:17,11.76,177.3,35,5.41,2.05,1.74
6/19/2018 6:47,12.5,175.9,27.1,5.71,2.17,1.81
6/19/2018 7:18,11.76,167.4,26,5.56,2.22,1.86
6/19/2018 7:47,11.76,178.7,22.5,5.13,1.97,1.69
6/19/2018 8:17,11.76,175.9,27.4,5.56,2.24,2.12
6/19/2018 8:48,12.5,170.3,29.5,5.06,2.06,1.61
6/19/2018 9:17,11.76,178.7,27.6,5.13,1.99,1.72
6/19/2018 9:47,12.5,173.1,19,5.63,2.26,2.08
6/19/2018 10:18,12.5,170.3,33.1,5.13,2.14,1.57
6/19/2018 10:47,11.76,174.5,22,5.26,2.22,1.86
6/19/2018 11:17,12.5,181.5,27.2,5.56,2.36,1.56
6/19/2018 11:48,10.53,168.8,27,5.56,2.28,1.64
6/19/2018 12:17,10.53,174.5,38.8,5.56,2.33,1.76
6/19/2018 12:47,11.76,185.7,27.2,5.56,2.2,1.64
6/19/2018 13:18,11.76,181.5,20.8,5.63,2.22,1.6
6/19/2018 13:47,10.53,168.8,26.2,5.97,2.4,1.7
6/19/2018 14:17,11.76,174.5,22.6,6.06,2.41,1.66
6/19/2018 14:48,11.11,182.9,36,5.8,2.23,1.6
6/19/2018 15:17,11.76,163.2,17,5.71,2.33,1.6
6/19/2018 15:47,11.76,174.5,18.2,5.97,2.37,1.93
6/19/2018 16:18,10.53,181.5,30.3,5.71,2.29,1.58
6/19/2018 16:47,10,174.5,24.4,5.71,2.37,1.54
6/19/2018 17:17,10.53,177.3,38.2,5.71,2.4,1.71
6/19/2018 17:48,10.53,180.1,29.7,5.41,2.23,1.54
6/19/2018 18:17,11.11,184.3,35.7,5.26,2.2,1.41
6/19/2018 18:47,10.53,144.9,44.4,5.26,2.16,1.43
6/19/2018 19:18,11.11,163.2,39.2,5.13,2.24,1.39
6/19/2018 19:47,10.53,168.8,28.8,5.13,2.31,1.36
6/19/2018 20:17,10.53,160.4,30.6,5.06,2.44,1.38
6/19/2018 20:48,6.67,178.7,23.5,5.06,2.38,1.69
6/19/2018 21:17,6.67,182.9,21.3,5.2,2.38,1.48
6/19/2018 21:47,6.25,188.5,22.6,5.06,2.36,1.64
6/19/2018 22:18,6.67,195.6,25.5,5.26,2.41,1.6
6/19/2018 22:47,7.14,189.9,22.7,5.13,2.35,1.47
6/19/2018 23:17,7.14,192.8,25.1,5.26,2.41,1.43
6/19/2018 23:48,7.69,191.3,26.2,5.33,2.34,1.54
6/20/2018 0:17,7.14,188.5,28.5,5.41,2.35,1.42
6/20/2018 0:47,10.53,178.7,31.3,5.56,2.31,1.53
6/20/2018 1:18,10.53,168.8,34.4,5.88,2.28,1.56
6/20/2018 1:47,10.53,164.6,30.1,5.8,2.16,1.63
6/20/2018 2:17,7.14,191.3,28.6,6.06,2.11,1.67
6/20/2018 2:48,7.69,185.7,26,6.06,2.16,1.69
6/20/2018 3:17,8.33,188.5,23.1,6.25,1.98,1.53
6/20/2018 3:47,10.53,184.3,42.1,6.35,2.14,1.56
6/20/2018 4:18,10,168.8,33.7,6.35,2.17,1.64
6/20/2018 4:47,12.5,180.1,26.3,6.56,2.37,1.54
6/20/2018 5:17,10,171.7,28.9,6.78,2.45,1.73
6/20/2018 5:48,10,177.3,26.9,6.78,2.48,1.74
6/20/2018 6:17,10,185.7,20,7.14,2.69,1.97
6/20/2018 6:47,11.11,182.9,32.6,7.02,2.65,1.93
6/20/2018 7:18,10.53,178.7,25.9,6.9,2.63,2.01
6/20/2018 7:47,10,185.7,19.9,7.41,2.91,2.3
6/20/2018 8:17,11.11,178.7,25.3,7.14,2.85,1.99
6/20/2018 8:48,10,185.7,26.3,7.41,2.8,2.34
6/20/2018 9:17,10,180.1,19.4,7.84,3.03,2.71
6/20/2018 9:47,10,180.1,24.4,8,3.04,2.58
6/20/2018 10:18,11.11,182.9,28.5,7.69,2.79,2.17
6/20/2018 10:47,10.53,187.1,24.6,8.16,3.02,2.74
6/20/2018 11:17,11.11,180.1,28,8,2.95,2.52
6/20/2018 11:48,11.76,185.7,28.4,8.16,2.97,2.37
6/20/2018 12:17,11.76,187.1,19.2,8.7,3.28,3.22
6/20/2018 12:47,11.11,185.7,27,8.33,2.8,2.12
6/20/2018 13:18,12.5,181.5,16.1,9.09,3.35,3.05
6/20/2018 13:47,11.76,187.1,16.7,9.09,3.1,2.66
6/20/2018 14:17,10.53,175.9,26.9,8.7,2.95,2.43
6/20/2018 14:48,11.76,191.3,16.7,9.09,3.09,2.7
6/20/2018 15:17,13.33,180.1,18.9,9.3,3.37,2.66
6/20/2018 15:47,11.11,180.1,25.3,8.51,2.99,2.3
6/20/2018 16:18,12.5,181.5,15.7,9.09,3.67,2.87
6/20/2018 16:47,12.5,175.9,12.9,9.09,3.5,2.5
6/20/2018 17:17,12.5,182.9,17.9,8.33,3.11,2.32
6/20/2018 17:48,11.76,182.9,16.7,8.7,3.31,2.51
6/20/2018 18:17,11.76,180.1,19.1,8.7,3.16,2.24
6/20/2018 18:47,11.11,178.7,23.6,8.7,3.31,2.25
6/20/2018 19:18,11.76,191.3,20.7,8.33,2.91,2.09
6/20/2018 19:47,11.76,185.7,22.5,8.51,3.06,2.22
6/20/2018 20:17,13.33,181.5,18.5,8.51,3.23,2.45
6/20/2018 20:48,11.11,174.5,29.3,8.16,2.89,2.22
6/20/2018 21:17,12.5,188.5,30.8,8,2.62,2.04
6/20/2018 21:47,11.76,177.3,30.2,8.51,2.99,2.57
6/20/2018 22:18,12.5,166,25.7,8.16,2.79,2.21
6/20/2018 22:47,12.5,182.9,24.6,8.33,2.7,2.53
6/20/2018 23:17,11.11,171.7,30.8,8.51,2.74,2.44
6/20/2018 23:48,11.76,173.1,20.5,8.33,2.64,2.94
6/21/2018 0:17,12.5,171.7,22.4,8.33,2.61,2.77
6/21/2018 0:47,12.5,174.5,25.7,8.7,2.61,2.24
6/21/2018 1:18,12.5,168.8,20.3,8.7,2.56,2.4
6/21/2018 1:47,12.5,180.1,16.5,8.51,2.53,2.21
6/21/2018 2:17,11.11,175.9,19.8,8.89,2.77,3.33
6/21/2018 2:48,12.5,174.5,20,9.09,2.86,2.76
6/21/2018 3:17,11.11,181.5,18.8,8.89,2.73,2.65
6/21/2018 3:47,12.5,180.1,23.1,8.51,2.56,2.1
6/21/2018 4:18,11.11,174.5,20.1,9.09,2.94,2.57
6/21/2018 4:47,13.33,168.8,19.1,8.7,2.62,2.16
6/21/2018 5:17,13.33,166,19.5,9.09,2.97,2.45
6/21/2018 5:48,14.29,173.1,13.3,8.89,2.96,2.26
6/21/2018 6:17,13.33,168.8,14.9,9.3,3.25,2.67
6/21/2018 6:47,12.5,175.9,12.2,8.89,3.08,2.68
6/21/2018 7:18,13.33,168.8,18.8,9.09,3.02,2.44
6/21/2018 7:47,11.76,175.9,17.5,8.89,3,2.4
6/21/2018 8:17,13.33,167.4,16.2,8.51,2.78,2.37
6/21/2018 8:48,12.5,167.4,22.2,8.51,2.7,2.28
6/21/2018 9:17,12.5,178.7,20.4,8.89,2.82,3.18
6/21/2018 9:47,12.5,174.5,31.2,8.33,2.48,2.19
6/21/2018 10:18,13.33,164.6,26.9,8.51,2.8,2.47
6/21/2018 10:47,13.33,161.8,21.7,8.51,2.55,2.29
6/21/2018 11:17,11.76,160.4,27.4,8.51,2.55,2.49
6/21/2018 11:48,12.5,160.4,22.9,8.51,2.55,2.55
6/21/2018 12:17,12.5,156.2,38.8,8.33,2.34,2.24
6/21/2018 12:47,12.5,160.4,24.7,8.7,2.46,2.61
6/21/2018 13:18,13.33,171.7,27,8.33,2.3,2.24
6/21/2018 13:47,11.76,160.4,31.3,8.33,2.08,2.25
6/21/2018 14:17,12.5,171.7,32,8.51,2.15,2.29
6/21/2018 14:48,12.5,168.8,23.9,8.89,2.34,3.24
6/21/2018 15:17,13.33,166,23.4,8.51,2.13,2.1
6/21/2018 15:47,12.5,167.4,24.8,8.7,2.17,2.52
6/21/2018 16:18,13.33,161.8,14.7,8.7,2.36,2.49
6/21/2018 16:47,12.5,181.5,25.6,8.51,2.18,2.19
6/21/2018 17:17,10.53,157.6,29.9,8.51,2.15,2.3
6/21/2018 17:48,11.11,167.4,23.8,8.51,2.25,2.56
6/21/2018 18:17,11.11,177.3,23.4,8.33,2.18,2.11
6/21/2018 18:47,11.11,173.1,25,8.16,2.07,2
6/21/2018 19:18,12.5,168.8,24.2,8.16,2.11,2.07
6/21/2018 19:47,12.5,152,18.5,8.16,2.1,2.16
6/21/2018 20:17,11.76,163.2,18,8.51,2.41,2.65
6/21/2018 20:48,12.5,166,24.2,8.33,2.1,2.24
6/21/2018 21:17,10,160.4,29.2,8.16,2.05,2.39
6/21/2018 21:47,11.76,166,34.6,8,1.98,2.02
6/21/2018 22:18,11.11,161.8,31.2,7.84,1.86,2.09
6/21/2018 22:47,12.5,170.3,28.9,8,1.86,2.06
6/21/2018 23:17,10.53,163.2,27.9,7.84,1.79,2.05
6/21/2018 23:48,11.76,173.1,19,8.16,1.88,2.34
6/22/2018 0:17,10,163.2,31.4,8.51,1.97,2.26
6/22/2018 0:47,12.5,164.6,23.3,7.84,1.73,1.91
6/22/2018 1:18,11.76,170.3,28.9,8.33,1.89,2.45
6/22/2018 1:47,10.53,174.5,20.8,8.51,1.87,2.31
6/22/2018 2:17,12.5,164.6,18.5,8.89,2,2.33
6/22/2018 2:48,14.29,182.9,17.8,8.51,1.79,1.99
6/22/2018 3:17,11.11,184.3,20,9.09,2.04,2.23
6/22/2018 3:47,12.5,171.7,20.6,8.89,2.02,2.23
6/22/2018 4:18,10.53,174.5,21.9,9.09,2.08,2.71
6/22/2018 4:47,11.11,173.1,20.4,8.89,2.06,2.61
6/22/2018 5:17,11.76,167.4,23.6,9.3,2.12,2.45
6/22/2018 5:48,12.5,180.1,16.9,9.52,2.26,2.5
6/22/2018 6:17,11.76,167.4,18.4,9.52,2.34,2.62
6/22/2018 6:47,13.33,174.5,18.8,9.76,2.39,2.43
6/22/2018 7:18,11.76,173.1,19,9.52,2.3,2.28
6/22/2018 7:47,11.76,175.9,18.6,9.52,2.35,2.46
6/22/2018 8:17,11.76,180.1,25.9,9.3,2.2,2.5
6/22/2018 8:48,13.33,174.5,17.6,9.09,2.31,2.4
6/22/2018 9:17,13.33,185.7,18.6,9.3,2.24,2.41
6/22/2018 9:47,11.76,188.5,16.5,9.09,2.15,2.51
6/22/2018 10:18,13.33,180.1,21.4,9.09,2.21,2.68
6/22/2018 10:47,11.76,181.5,23.3,9.09,2.21,2.37
6/22/2018 11:17,13.33,182.9,18.4,9.3,2.11,2.44
6/22/2018 11:48,11.76,188.5,26.3,9.09,2.18,2.58
6/22/2018 12:17,12.5,201.2,26,8.89,1.92,2.21
6/22/2018 12:47,11.11,175.9,29.3,9.3,2.05,2.42
6/22/2018 13:18,13.33,185.7,16.9,9.3,2.13,3.06
6/22/2018 13:47,12.5,188.5,24.7,9.52,2.25,3.18
6/22/2018 14:17,11.76,168.8,22.8,9.3,2.13,2.64
6/22/2018 14:48,13.33,178.7,19.5,9.76,2.25,3.26
6/22/2018 15:17,11.76,171.7,20.4,8.89,1.96,2.58
6/22/2018 15:47,12.5,188.5,18.5,8.89,1.94,2.38
6/22/2018 16:18,11.76,181.5,17.6,9.09,1.99,2.52
6/22/2018 16:47,11.76,184.3,15.6,9.09,2.08,2.67
6/22/2018 17:17,13.33,182.9,16.2,9.3,2.11,2.61
6/22/2018 17:48,11.76,181.5,18.2,8.89,2.05,2.46
6/22/2018 18:17,11.76,182.9,14.2,9.09,2.15,2.66
6/22/2018 18:47,11.76,180.1,18.2,9.09,2.12,2.72
6/22/2018 19:18,11.76,178.7,18.2,9.09,2.08,2.6
6/22/2018 19:47,12.5,181.5,13.5,8.7,2,2.56
6/22/2018 20:17,12.5,185.7,18.2,8.7,2.05,2.37
6/22/2018 20:48,11.76,181.5,18.9,8.7,2.07,2.43
6/22/2018 21:17,12.5,177.3,16.7,8.89,2.08,2.56
6/22/2018 21:47,11.76,192.8,14.8,8.51,2.03,2.44
6/22/2018 22:18,10.53,163.2,24.2,8.51,1.93,2.29
6/22/2018 22:47,11.76,187.1,24.1,8.89,2.13,2.38
6/22/2018 23:17,11.76,181.5,19.5,8.51,1.83,2.41
6/22/2018 23:48,11.76,184.3,23.6,8.7,1.94,2.58
6/23/2018 0:17,12.5,181.5,27.1,8.51,1.93,2.26
6/23/2018 0:47,11.76,188.5,23.9,8.51,1.73,2.33
6/23/2018 1:18,13.33,167.4,28.2,8.51,1.83,2.27
6/23/2018 1:47,11.76,173.1,39.6,8.51,1.72,2.03
6/23/2018 2:17,10.53,182.9,28.1,8.33,1.67,2.16
6/23/2018 2:48,11.11,178.7,20.7,8.7,1.84,2.8
6/23/2018 3:17,11.76,184.3,26.9,8.51,1.67,2.38
6/23/2018 3:47,11.76,166,20.4,8.89,1.87,3.23
6/23/2018 4:18,11.11,164.6,26.2,8.33,1.64,2.17
6/23/2018 4:47,12.5,181.5,22.9,8.51,1.69,2.41
6/23/2018 5:17,11.11,166,28.6,8.7,1.8,2.36
6/23/2018 5:48,11.11,168.8,31.3,8.7,1.76,2.69
6/23/2018 6:17,11.11,174.5,25.6,8.89,1.82,3.1
6/23/2018 6:47,11.11,175.9,31.4,8.51,1.8,3.08
6/23/2018 7:18,11.76,161.8,41.9,8.33,1.69,2.7
6/23/2018 7:47,11.76,177.3,43.3,8.33,1.77,2.55
6/23/2018 8:17,11.76,159,46.7,8.33,1.84,2.95
6/23/2018 8:48,11.11,135.1,43.9,8,1.66,2.44
6/23/2018 9:17,11.11,159,42.5,8.33,1.9,3.34
6/23/2018 9:47,11.11,139.3,56.4,8.33,1.89,3.2
6/23/2018 10:18,10.53,167.4,46,8.16,1.88,2.96
6/23/2018 10:47,11.11,149.2,55.1,8.16,1.83,2.66
6/23/2018 11:17,11.11,157.6,58.3,8.16,1.89,3.19
6/23/2018 11:48,10.53,166,47.7,7.84,1.7,2.63
6/23/2018 12:17,10.53,126.7,58.1,8,1.74,2.49
6/23/2018 12:47,11.76,135.1,61.3,7.84,1.67,2.47
6/23/2018 13:18,10.53,150.6,56.4,7.69,1.68,2.5
6/23/2018 13:47,10,154.8,56.1,7.84,1.72,2.85
6/23/2018 14:17,10.53,174.5,61.1,7.55,1.61,2.5
6/23/2018 14:48,10,135.1,57.1,7.69,1.66,2.32
6/23/2018 15:17,11.11,135.1,53.5,8,1.79,3.02
6/23/2018 15:47,11.11,74.6,51.3,7.69,1.71,2.62
6/23/2018 16:18,11.76,139.3,57.2,7.69,1.73,2.74
6/23/2018 16:47,10.53,174.5,47.8,7.41,1.74,2.92
6/23/2018 17:17,11.11,168.8,61.2,6.9,1.46,2.39
6/23/2018 17:48,10.53,161.8,47.7,7.41,1.8,2.67
6/23/2018 18:17,10,166,50.5,7.02,1.68,2.43
6/23/2018 18:47,10,184.3,50.5,6.78,1.62,2.7
6/23/2018 19:18,10,137.9,63.1,7.02,1.78,2.68
6/23/2018 19:47,10.53,153.4,60.8,7.02,1.8,2.94
6/23/2018 20:17,10.53,108.4,65,6.35,1.53,2.38
6/23/2018 20:48,11.11,114,46.7,6.56,1.64,2.46
6/23/2018 21:17,10.53,125.3,62.2,6.56,1.71,2.41
6/23/2018 21:47,10.53,114,53,5.88,1.51,2.25
6/23/2018 22:18,11.11,94.3,53.6,6.25,1.6,2.13
6/23/2018 22:47,11.76,94.3,44.4,5.97,1.59,2.37
6/23/2018 23:17,10,150.6,46.4,6.15,1.74,2.27
6/23/2018 23:48,10.53,114,52.3,5.97,1.74,2.29
6/24/2018 0:17,10.53,99.9,47.3,5.8,1.69,2.14
6/24/2018 0:47,10.53,92.9,56.5,5.63,1.6,1.81
6/24/2018 1:18,10.53,81.7,40.6,6.06,1.63,1.9
6/24/2018 1:47,10.53,115.4,51.6,5.97,1.6,2.01
6/24/2018 2:17,10.53,77.4,54.6,6.15,1.71,2.01
6/24/2018 2:48,11.11,104.2,45.3,5.63,1.52,1.92
6/24/2018 3:17,10,129.5,56.6,5.88,1.66,1.96
6/24/2018 3:47,9.09,115.4,46.6,5.48,1.47,1.94
6/24/2018 4:18,10.53,92.9,49.4,5.8,1.55,1.96
6/24/2018 4:47,10.53,77.4,47.3,5.63,1.5,1.8
6/24/2018 5:17,10,112.6,53.3,5.71,1.5,2.05
6/24/2018 5:48,11.11,90.1,40.2,5.71,1.49,2.03
6/24/2018 6:17,11.76,161.8,33.9,5.63,1.47,1.9
6/24/2018 6:47,10.53,107,44.8,5.8,1.5,2.19
6/24/2018 7:18,10,90.1,51.7,5.63,1.53,2.01
6/24/2018 7:47,10.53,108.4,42.3,5.13,1.56,1.89
6/24/2018 8:17,11.76,137.9,49.4,5.2,1.46,1.72
6/24/2018 8:48,10.53,102.8,50.4,5.48,1.41,2.09
6/24/2018 9:17,10.53,78.8,39.8,4.71,1.54,1.69
6/24/2018 9:47,10.53,78.8,49,4.54,1.65,1.48
6/24/2018 10:18,10,129.5,55.8,4.71,1.69,1.79
6/24/2018 10:47,4.55,355.9,30.1,4.71,1.6,1.77
6/24/2018 11:17,11.11,108.4,52.3,5.13,1.57,1.69
6/24/2018 11:48,11.11,97.1,33.7,4.94,1.54,1.64
6/24/2018 12:17,10.53,90.1,43.8,5.06,1.49,1.72
6/24/2018 12:47,10.53,87.3,48.5,5.2,1.41,1.57
6/24/2018 13:18,10.53,77.4,35.6,5.97,1.59,2.28
6/24/2018 13:47,10.53,121,55.8,5.41,1.37,1.96
6/24/2018 14:17,10.53,94.3,52.3,5.41,1.4,1.63
6/24/2018 14:48,10.53,83.1,38.6,5.26,1.46,1.54
6/24/2018 15:17,11.11,74.6,33.8,5.2,1.45,1.35
6/24/2018 15:47,11.11,87.3,33.3,5.26,1.47,1.45
6/24/2018 16:18,10,85.9,37.3,5.06,1.48,1.25
6/24/2018 16:47,10.53,123.8,46.3,4.76,1.62,1.5
6/24/2018 17:17,11.11,102.8,60.4,4.76,1.56,1.37
6/24/2018 17:48,10,102.8,47.7,4.88,1.69,1.43
6/24/2018 18:17,16.67,188.5,25.1,4.82,1.92,1.88
6/24/2018 18:47,16.67,185.7,22.6,4.88,1.74,1.42
6/24/2018 19:18,16.67,188.5,21.5,5.06,1.75,1.39
6/24/2018 19:47,16.67,191.3,15.4,5.26,1.71,1.38
6/24/2018 20:17,16.67,187.1,18.4,5.26,1.68,1.39
6/24/2018 20:48,16.67,195.6,16.9,5.8,1.88,1.66
6/24/2018 21:17,8.33,43.7,28.1,5.8,1.8,1.98
6/24/2018 21:47,8.33,52.1,36.7,5.48,1.71,1.59
6/24/2018 22:18,16.67,187.1,14.7,5.88,1.83,1.63
6/24/2018 22:47,8.33,43.7,39.2,5.88,1.65,1.75
6/24/2018 23:17,8.33,49.3,42.6,6.06,1.66,1.97
6/24/2018 23:48,8.33,46.5,35.5,5.88,1.56,1.77
6/25/2018 0:17,9.09,54.9,42.3,6.15,1.72,1.79
6/25/2018 0:47,8.33,43.7,37,5.88,1.7,1.69
6/25/2018 1:18,8.33,43.7,26.4,5.88,1.56,1.7
6/25/2018 1:47,10,88.7,46.4,5.63,1.47,1.4
6/25/2018 2:17,10,91.5,50.6,5.41,1.58,1.34
6/25/2018 2:48,7.69,43.7,28.3,5.26,1.52,1.52
6/25/2018 3:17,10,99.9,51.3,5.33,1.49,1.27
6/25/2018 3:47,16.67,187.1,33.7,5.2,1.5,1.33
6/25/2018 4:18,16.67,189.9,29.5,5.41,1.58,1.39
6/25/2018 4:47,16.67,191.3,27.5,5.06,1.5,1.21
6/25/2018 5:17,10,102.8,38.8,5.06,1.49,1.24
6/25/2018 5:48,10,90.1,39.6,4.94,1.45,1.1
6/25/2018 6:17,7.14,38.1,29.4,4.65,1.55,1.23
6/25/2018 6:47,15.38,180.1,33.2,4.88,1.55,1.16
6/25/2018 7:18,10,112.6,41.4,4.82,1.65,1.27
6/25/2018 7:47,16.67,181.5,24.7,4.76,1.45,1.13
6/25/2018 8:17,7.69,52.1,37.7,5.13,1.47,1.26
6/25/2018 8:48,15.38,175.9,23.9,4.94,1.39,1.12
6/25/2018 9:17,16.67,181.5,21.3,4.76,1.39,1.14
6/25/2018 9:47,15.38,191.3,34.8,4.6,1.41,1.03
6/25/2018 10:18,10.53,130.9,51.5,4.82,1.37,1.11
6/25/2018 10:47,15.38,188.5,32.8,4.88,1.36,1.11
6/25/2018 11:17,16.67,187.1,36.9,5.06,1.34,1.13
6/25/2018 11:48,16.67,199.8,32.1,4.88,1.21,1.09
6/25/2018 12:17,16.67,198.4,32.6,5.06,1.16,1.13
6/25/2018 12:47,10.53,174.5,45.3,5.41,1.21,1.27
6/25/2018 13:18,10.53,168.8,58.4,5.71,1.21,1.31
6/25/2018 13:47,15.38,189.9,25.6,5.63,1.16,1.17
6/25/2018 14:17,15.38,197,24.7,5.71,1.15,1.16
6/25/2018 14:48,15.38,191.3,23.9,5.97,1.2,1.25
6/25/2018 15:17,15.38,195.6,24.3,5.97,1.25,1.29
6/25/2018 15:47,10,149.2,53.7,6.25,1.28,1.46
6/25/2018 16:18,10.53,187.1,45.9,6.15,1.26,1.3
6/25/2018 16:47,15.38,192.8,22.4,6.45,1.4,1.35
6/25/2018 17:17,9.09,178.7,43.6,6.56,1.46,1.52
6/25/2018 17:48,9.09,189.9,35.7,6.67,1.56,1.71
6/25/2018 18:17,10,164.6,49.2,6.67,1.62,1.56
6/25/2018 18:47,9.09,192.8,37.6,6.67,1.59,1.67
6/25/2018 19:18,8.33,188.5,26.6,6.9,1.76,1.6
6/25/2018 19:47,15.38,199.8,12.2,6.9,1.78,1.53
6/25/2018 20:17,7.69,189.9,23.5,7.02,1.91,1.65
6/25/2018 20:48,8.33,192.8,24.5,6.67,1.95,1.47
6/25/2018 21:17,13.33,192.8,16.2,7.14,2.09,1.59
6/25/2018 21:47,10.53,187.1,23.9,7.14,2.25,1.49
6/25/2018 22:18,11.11,187.1,25.2,6.9,2.32,1.48
6/25/2018 22:47,10,182.9,25,6.9,2.33,1.52
6/25/2018 23:17,11.11,195.6,27.4,6.56,2.38,1.38
6/25/2018 23:48,10,191.3,23.8,6.67,2.44,1.49
6/26/2018 0:17,10.53,173.1,34.1,6.45,2.46,1.55
6/26/2018 0:47,7.69,202.6,17.2,6.56,2.44,1.72
6/26/2018 1:18,9.09,202.6,23.5,6.25,2.46,1.42
6/26/2018 1:47,15.38,198.4,21.5,6.56,2.45,1.44
6/26/2018 2:17,11.11,201.2,26.7,6.67,2.46,1.49
6/26/2018 2:48,10,194.2,32,6.56,2.38,1.55
6/26/2018 3:17,14.29,199.8,17,6.67,2.45,1.56
6/26/2018 3:47,9.09,198.4,20.6,6.45,2.4,1.52
6/26/2018 4:18,15.38,194.2,25.6,6.25,2.57,1.33
6/26/2018 4:47,15.38,194.2,28.3,6.06,2.94,1.37
6/26/2018 5:17,11.76,199.8,26.7,5.63,2.85,1.22
6/26/2018 5:48,14.29,192.8,30.1,6.06,3.26,1.34
6/26/2018 6:17,7.14,206.8,20.1,6.15,3.62,1.74
6/26/2018 6:47,7.14,209.6,18.2,6.45,3.7,1.77
6/26/2018 7:18,8.33,206.8,18.4,6.78,4.13,2.16
6/26/2018 7:47,8.33,205.4,17.7,6.67,4.08,2.5
6/26/2018 8:17,7.69,206.8,17.6,6.78,4.19,2
6/26/2018 8:48,8.33,211,20.7,7.02,4.25,1.84
6/26/2018 9:17,8.33,208.2,19.2,6.9,4.24,1.94
6/26/2018 9:47,7.69,211,20.1,6.78,4.13,2.06
6/26/2018 10:18,8.33,209.6,22.8,6.9,4.04,1.77
6/26/2018 10:47,9.09,201.2,19.7,6.9,4.26,2.06
6/26/2018 11:17,9.09,197,19.2,6.9,4.42,1.89
6/26/2018 11:48,10,197,15.3,6.78,4.27,1.66
6/26/2018 12:17,8.33,202.6,16.3,6.78,4.41,2.28
6/26/2018 12:47,13.33,194.2,21.7,6.67,4.15,1.65
6/26/2018 13:18,9.09,206.8,17.1,6.56,4.2,2.07
6/26/2018 13:47,10,197,21.9,6.15,3.71,1.53
6/26/2018 14:17,8.33,213.8,24.4,6.45,3.89,1.76
6/26/2018 14:48,13.33,199.8,20.6,6.45,3.91,1.62
6/26/2018 15:17,8.33,209.6,27.2,6.45,4.14,1.7
6/26/2018 15:47,7.69,206.8,25.9,6.35,3.77,1.63
6/26/2018 16:18,8.33,197,25.9,6.15,3.71,1.62
6/26/2018 16:47,7.69,202.6,23.9,6.25,3.63,1.63
6/26/2018 17:17,10.53,197,25,6.25,3.74,1.55
6/26/2018 17:48,9.09,198.4,20.9,6.67,3.69,1.78
6/26/2018 18:17,8.33,205.4,24.7,6.56,3.57,1.67
6/26/2018 18:47,7.69,205.4,21.9,6.56,3.63,1.73
6/26/2018 19:18,12.5,197,22.4,6.56,3.6,1.64
6/26/2018 19:47,11.11,198.4,27.1,6.78,3.83,1.72
6/26/2018 20:17,12.5,199.8,16.9,7.02,3.85,1.89
6/26/2018 20:48,11.76,192.8,16.3,6.9,3.79,1.83
6/26/2018 21:17,10.53,198.4,20.8,6.9,3.84,1.87
6/26/2018 21:47,10,192.8,14.7,7.02,3.77,1.8
6/26/2018 22:18,9.09,202.6,19,6.56,3.43,1.88
6/26/2018 22:47,11.11,194.2,15.8,7.14,3.93,2.17
6/26/2018 23:17,12.5,191.3,23.8,6.9,3.57,1.72
6/26/2018 23:48,12.5,198.4,21.2,7.02,3.85,1.72
6/27/2018 0:17,11.76,201.2,25.1,7.02,3.57,1.65
6/27/2018 0:47,12.5,192.8,25.7,6.78,3.52,1.69
6/27/2018 1:18,12.5,194.2,21.2,6.67,3.62,1.73
6/27/2018 1:47,12.5,191.3,20,6.9,3.49,1.8
6/27/2018 2:17,11.76,184.3,22.7,7.02,3.57,1.87
6/27/2018 2:48,12.5,191.3,17.2,7.02,3.48,1.8
6/27/2018 3:17,11.76,192.8,22.2,7.14,3.38,1.77
6/27/2018 3:47,11.76,202.6,17.3,7.14,3.56,1.83
6/27/2018 4:18,11.76,189.9,22.2,7.14,3.5,2.18
6/27/2018 4:47,11.76,198.4,18.4,7.14,3.49,2.12
6/27/2018 5:17,11.76,194.2,26.2,7.02,3.32,1.87
6/27/2018 5:48,12.5,197,20.3,7.55,3.4,2.42
6/27/2018 6:17,13.33,192.8,22.2,6.9,3.04,1.84
6/27/2018 6:47,12.5,191.3,21.3,7.55,3.46,2.35
6/27/2018 7:18,12.5,198.4,25.4,7.02,3.1,1.73
6/27/2018 7:47,12.5,191.3,18.7,7.02,3.21,1.97
6/27/2018 8:17,13.33,188.5,15.6,7.14,3.17,1.89
6/27/2018 8:48,12.5,192.8,16.1,7.41,3.31,2.54
6/27/2018 9:17,11.76,201.2,15.4,6.9,3.17,1.92
6/27/2018 9:47,11.76,184.3,17,7.27,3.28,2.05
6/27/2018 10:18,12.5,189.9,19,7.27,3.39,2.02
6/27/2018 10:47,12.5,187.1,15.9,6.78,3.02,2.16
6/27/2018 11:17,12.5,188.5,17.7,6.9,2.96,2.31
6/27/2018 11:48,12.5,185.7,12.8,7.14,3.23,2.74
6/27/2018 12:17,11.11,191.3,19.1,6.78,3.14,1.85
6/27/2018 12:47,10.53,188.5,20.5,6.25,2.9,1.81
6/27/2018 13:18,11.76,195.6,22.6,6.35,2.86,1.69
6/27/2018 13:47,11.76,192.8,21.3,6.35,2.92,1.86
6/27/2018 14:17,11.11,185.7,22.9,6.45,2.88,1.78
6/27/2018 14:48,11.76,191.3,26.7,6.45,2.83,1.77
6/27/2018 15:17,10,180.1,19.8,6.25,2.66,1.71
6/27/2018 15:47,11.11,188.5,29.1,6.06,2.65,1.68
6/27/2018 16:18,11.76,192.8,19.5,6.67,2.76,2.22
6/27/2018 16:47,11.76,188.5,27.4,6.45,2.64,1.81
6/27/2018 17:17,11.11,195.6,22,6.78,2.68,2.19
6/27/2018 17:48,11.76,189.9,24.1,6.56,2.43,2.1
6/27/2018 18:17,12.5,175.9,24.4,7.02,2.57,2.02
6/27/2018 18:47,11.76,188.5,20.3,7.27,2.69,2.61
6/27/2018 19:18,11.11,188.5,20.9,7.55,2.71,2.69
6/27/2018 19:47,11.11,189.9,16.6,7.55,2.81,2.91
6/27/2018 20:17,11.11,188.5,21.5,7.55,2.71,2.52
6/27/2018 20:48,11.76,182.9,17.8,7.69,2.78,2.5
6/27/2018 21:17,12.5,180.1,17.1,7.55,2.7,2.26
6/27/2018 21:47,10,188.5,13.5,7.69,2.9,2.82
6/27/2018 22:18,10.53,185.7,20.9,7.14,2.5,2.04
6/27/2018 22:47,11.11,182.9,18.7,7.27,2.84,2.19
6/27/2018 23:17,10,181.5,14.3,7.14,2.88,2.38
6/27/2018 23:48,11.11,181.5,14.2,7.27,3.09,2.82
6/28/2018 0:17,11.11,180.1,15.1,7.27,3.13,2.59
6/28/2018 0:47,11.11,180.1,15,6.9,2.97,2.14
6/28/2018 1:18,10.53,177.3,16,6.78,2.88,2.33
6/28/2018 1:47,10.53,185.7,22,6.56,2.66,1.96
6/28/2018 2:17,11.11,173.1,20.3,6.56,2.75,2.2
6/28/2018 2:48,10.53,182.9,18.5,6.35,2.6,2.48
6/28/2018 3:17,11.11,177.3,19.8,6.78,2.77,3.12
6/28/2018 3:47,10.53,180.1,23.9,6.45,2.59,2.06
6/28/2018 4:18,10,184.3,19.4,6.56,2.69,2.3
6/28/2018 4:47,10.53,184.3,24.4,6.25,2.47,2.13
6/28/2018 5:17,11.11,182.9,25.5,6.15,2.47,1.94
6/28/2018 5:48,10.53,184.3,27,6.25,2.43,1.97
6/28/2018 6:17,11.11,185.7,22.5,6.35,2.47,1.75
6/28/2018 6:47,10.53,180.1,21.9,6.45,2.47,2.25
6/28/2018 7:18,10.53,185.7,19.1,6.67,2.65,2.22
6/28/2018 7:47,10.53,181.5,20.8,6.78,2.55,2.18
6/28/2018 8:17,11.11,188.5,17.7,7.02,2.63,2.89
6/28/2018 8:48,10,187.1,15.9,6.9,2.38,2.32
6/28/2018 9:17,11.11,181.5,14.4,7.02,2.34,2.67
6/28/2018 9:47,10.53,181.5,12.5,7.55,2.64,2.8
6/28/2018 10:18,11.11,181.5,16.5,7.69,2.68,3.05
6/28/2018 10:47,10.53,178.7,14.3,7.27,2.34,2.45
6/28/2018 11:17,10.53,177.3,15.8,7.41,2.48,2.5
6/28/2018 11:48,10.53,181.5,20.1,7.69,2.59,3.11
6/28/2018 12:17,10.53,180.1,18.8,7.55,2.48,2.73
6/28/2018 12:47,10.53,178.7,17.8,7.41,2.49,2.79
6/28/2018 13:18,10.53,181.5,16.9,7.02,2.4,2.36
6/28/2018 13:47,10.53,189.9,17.3,7.55,2.76,3.16
6/28/2018 14:17,10.53,192.8,20.1,7.41,2.64,2.52
6/28/2018 14:48,11.11,191.3,19.1,7.14,2.46,2.38
6/28/2018 15:17,11.11,197,21.3,7.27,2.37,2.46
6/28/2018 15:47,11.11,185.7,18.4,7.14,2.35,2.68
6/28/2018 16:18,11.11,184.3,17.7,7.69,2.63,3.21
6/28/2018 16:47,11.76,182.9,22,7.27,2.45,2.28
6/28/2018 17:17,10.53,187.1,15.3,7.55,2.49,2.71
6/28/2018 17:48,11.76,191.3,30.1,6.78,2.08,1.81
6/28/2018 18:17,11.11,182.9,22.8,7.41,2.43,2.72
6/28/2018 18:47,10.53,189.9,23.9,7.27,2.34,2.42
6/28/2018 19:18,11.76,182.9,23.3,7.55,2.42,2.43
6/28/2018 19:47,11.76,182.9,22.5,7.84,2.54,2.93
6/28/2018 20:17,11.76,180.1,17.3,7.55,2.43,2.84
6/28/2018 20:48,11.11,184.3,20,7.55,2.7,2.96
6/28/2018 21:17,11.76,188.5,16.3,7.27,2.56,2.4
6/28/2018 21:47,11.76,189.9,23.6,7.02,2.57,2.2
6/28/2018 22:18,12.5,184.3,13.5,7.14,2.89,2.5
6/28/2018 22:47,11.76,189.9,16.2,6.9,2.67,1.98
6/28/2018 23:17,11.76,185.7,14.2,6.78,2.65,2.14
6/28/2018 23:48,10.53,185.7,17.7,6.56,2.75,1.7
6/29/2018 0:17,11.76,184.3,17.8,6.56,2.8,1.81
6/29/2018 0:47,11.11,182.9,21,6.45,2.85,1.7
6/29/2018 1:18,11.76,185.7,18.9,6.9,3.1,2.21
6/29/2018 1:47,10.53,185.7,15.7,6.25,2.7,1.68
6/29/2018 2:17,11.11,195.6,21.5,6.56,2.87,1.97
6/29/2018 2:48,11.11,188.5,18.5,6.35,2.82,1.99
6/29/2018 3:17,11.76,188.5,20.4,6.15,2.7,1.67
6/29/2018 3:47,11.11,187.1,24.8,6.25,2.76,1.89
6/29/2018 4:18,11.76,191.3,24.7,6.06,2.64,1.59
6/29/2018 4:47,11.11,188.5,20.5,5.71,2.63,1.49
6/29/2018 5:17,11.11,178.7,26.4,5.8,2.65,1.47
6/29/2018 5:48,10.53,185.7,30.1,5.63,2.62,1.38
6/29/2018 6:17,11.11,195.6,25,6.15,2.78,1.55
6/29/2018 6:47,11.76,192.8,23.9,6.15,2.59,1.67
6/29/2018 7:18,11.11,185.7,18.2,6.56,2.68,1.89
6/29/2018 7:47,10,187.1,28.8,6.25,2.43,1.66
6/29/2018 8:17,11.76,178.7,15.3,6.45,2.45,1.74
6/29/2018 8:48,11.11,184.3,21,6.78,2.51,2.19
6/29/2018 9:17,12.5,182.9,21.6,6.25,2.25,1.57
6/29/2018 9:47,11.76,194.2,24.3,6.25,2.38,1.58
6/29/2018 10:18,11.11,188.5,17.6,6.35,2.51,1.61
6/29/2018 10:47,11.76,187.1,19,6.45,2.41,1.65
6/29/2018 11:17,11.76,178.7,22.5,6.35,2.44,1.66
6/29/2018 11:48,11.76,191.3,19.8,6.35,2.37,1.57
6/29/2018 12:17,11.11,192.8,22.4,6.78,2.55,1.8
6/29/2018 12:47,11.76,181.5,14.8,6.56,2.43,1.79
6/29/2018 13:18,11.11,175.9,18.2,6.9,2.7,1.9
6/29/2018 13:47,12.5,178.7,21.3,6.78,2.56,1.75
6/29/2018 14:17,10.53,180.1,18.6,7.14,2.65,2.05
6/29/2018 14:48,11.11,192.8,21.6,6.67,2.45,1.98
6/29/2018 15:17,10,175.9,25.3,6.78,2.47,1.84
6/29/2018 15:47,11.11,177.3,30,6.78,2.43,1.82
6/29/2018 16:18,10.53,180.1,21.8,7.27,2.57,2.37
6/29/2018 16:47,11.76,180.1,22,7.41,2.56,2.33
6/29/2018 17:17,11.76,185.7,24.3,7.41,2.51,2.22
6/29/2018 17:48,11.76,180.1,24.1,7.27,2.38,2.11
6/29/2018 18:17,11.11,173.1,24.1,7.69,2.46,2.41
6/29/2018 18:47,10.53,187.1,22.4,7.69,2.55,2.24
6/29/2018 19:18,10.53,174.5,18.4,8.33,2.65,3.29
6/29/2018 19:47,12.5,181.5,18.8,8.16,2.52,2.42
6/29/2018 20:17,12.5,178.7,19.7,8.51,2.62,2.73
6/29/2018 20:48,12.5,178.7,15.6,8.16,2.5,2.26
6/29/2018 21:17,11.76,194.2,15.6,8.7,2.67,2.82
6/29/2018 21:47,11.11,182.9,21.2,8.89,2.88,2.81
6/29/2018 22:18,11.76,184.3,15.4,8.51,2.54,2.99
6/29/2018 22:47,11.11,181.5,9.8,8.7,2.65,3.33
6/29/2018 23:17,11.11,181.5,18.4,8.7,2.59,2.61
6/29/2018 23:48,12.5,180.1,18.8,8.7,2.68,2.77
6/30/2018 0:17,11.11,181.5,19.8,8.7,2.79,2.67
6/30/2018 0:47,11.11,171.7,18.9,8.51,2.9,2.5
6/30/2018 1:18,11.11,180.1,19.4,8.33,2.73,2.52
6/30/2018 1:47,11.76,180.1,16.9,8.16,2.85,2.4
6/30/2018 2:17,11.11,175.9,14.1,8.33,2.96,2.92
6/30/2018 2:48,11.11,175.9,17,8.16,2.79,2.65
6/30/2018 3:17,12.5,171.7,22.4,7.84,2.63,2.26
6/30/2018 3:47,11.76,175.9,18.9,8,2.64,2.38
6/30/2018 4:18,10.53,173.1,19.2,8.16,2.64,2.82
6/30/2018 4:47,11.11,184.3,17.7,8.33,2.8,2.8
6/30/2018 5:17,11.11,167.4,22,8.16,2.42,2.44
6/30/2018 5:48,11.11,180.1,21.7,8,2.42,2.46
6/30/2018 6:17,10.53,173.1,16.1,8,2.46,2.67
6/30/2018 6:47,11.11,175.9,25.2,8,2.44,2.61
6/30/2018 7:18,11.76,185.7,23.1,8.33,2.38,3.02
6/30/2018 7:47,11.11,173.1,26.4,8.51,2.53,2.93
6/30/2018 8:17,10,173.1,20.8,8.51,2.29,2.6
6/30/2018 8:48,11.11,171.7,18.8,8.7,2.46,2.68
6/30/2018 9:17,11.76,168.8,15.2,8.7,2.34,2.83
6/30/2018 9:47,11.76,177.3,22,8.51,2.22,2.41
6/30/2018 10:18,11.76,175.9,17.8,8.33,2.11,2.59
6/30/2018 10:47,12.5,174.5,19.1,8.89,2.36,2.56
6/30/2018 11:17,11.11,180.1,18,8.89,2.38,2.56
6/30/2018 11:48,11.76,175.9,17.6,8.51,2.21,2.51
6/30/2018 12:17,11.11,164.6,24.2,8.51,2.23,2.55
6/30/2018 12:47,10.53,171.7,19,8.7,2.45,2.76
6/30/2018 13:18,11.76,163.2,20.7,8.33,2.22,2.74
6/30/2018 13:47,11.11,168.8,20,8.51,2.42,2.77
6/30/2018 14:17,10.53,168.8,18.5,8.51,2.35,2.98
6/30/2018 14:48,10.53,174.5,25,8.16,2.26,2.7
6/30/2018 15:17,11.76,154.8,16.6,8.33,2.42,3.36
6/30/2018 15:47,11.11,163.2,18.2,8.51,2.35,2.69
6/30/2018 16:18,11.11,168.8,20.6,8,2.04,2.85
6/30/2018 16:47,10.53,175.9,21.2,8.51,2.27,2.64
6/30/2018 17:17,11.76,173.1,27.2,8.33,2.07,2.3
6/30/2018 17:48,11.76,166,30.3,8.16,1.91,2.6
6/30/2018 18:17,11.11,166,16.8,8.51,2.2,3.18
6/30/2018 18:47,11.11,167.4,24.5,8.16,2.04,2.92
6/30/2018 19:18,11.11,156.2,21.3,8,1.98,3.09
6/30/2018 19:47,10.53,178.7,29,7.41,1.9,2.6
6/30/2018 20:17,10,164.6,29.5,6.56,1.74,2.08
6/30/2018 20:48,11.76,170.3,24.2,6.45,1.88,2.39
6/30/2018 21:17,10.53,170.3,32.2,6.06,1.87,2.12
6/30/2018 21:47,11.11,178.7,25.6,5.56,1.75,2.13
6/30/2018 22:18,10,173.1,16.5,5.97,1.94,2.53
6/30/2018 22:47,10.53,168.8,23.8,5.56,1.83,2.02
6/30/2018 23:17,10.53,167.4,26.2,5.48,1.85,1.99
6/30/2018 23:48,10.53,177.3,29.7,5.26,1.83,1.83
